Sett_Clean,x,y,detector,row_R,col_R,in_bounds,SG_id,habitat,zone,nearest_detector_m
ARTHURS,380534,200550,1,73,59,TRUE,4,1,1,58.66856057549052
ATCOMBECORNER,383696,201502,2,54,123,TRUE,999,1,2,332.06324698767855
ATCOMBEWEST,383375,201417,3,56,116,TRUE,999,1,2,328.3321488980328
BAMBOO,383699,201850,4,47,123,TRUE,999,1,2,278.5121182282739
BANK,380563,200499,5,74,60,TRUE,4,1,1,41.10960958218893
BEECH,380931,201164,6,61,67,TRUE,3,1,1,33.1058907144937
BENCH,380417,201488,7,54,57,TRUE,999,1,2,92.02716990106781
BEND,381942,201770,8,49,88,TRUE,8,1,1,64.93843238021688
BOUNDARYCOURT,382916,202222,9,39,107,TRUE,999,1,2,191.9505144562004
BOX,380621,201409,10,56,61,TRUE,2,1,1,185.17289218457435
BOXWOOD,381241,201774,11,48,74,TRUE,7,1,1,81.74350127074322
BRACKEN,381157,201365,12,57,72,TRUE,9,1,1,24.351591323771842
BRAMBLE,380625,200466,13,75,61,TRUE,4,1,1,70.2353187506115
BREAKHEART,381370,201620,14,52,76,TRUE,7,1,1,157.88920165736477
BUCKHOLT,379874,201435,15,55,46,TRUE,1,1,1,73.23933369440222
BULLPEN,381230,201693,16,50,73,TRUE,7,1,1,81.74350127074322
BUNGALOW,383675,202710,17,30,122,TRUE,999,1,2,267.5256997000475
CARPARK,379814,201477,18,54,45,TRUE,999,1,2,73.23933369440222
CEDAR,381022,201589,19,52,69,TRUE,6,1,1,46.389654018972806
CHAIN,381946,201669,20,51,88,TRUE,8,1,1,39.92492955535426
CHERRIES,381841,201313,21,58,86,TRUE,13,1,1,139.51702405083043
CHESNUT,380834,201150,22,61,65,TRUE,3,1,1,67
CLAY,380590,200530,23,73,61,TRUE,4,1,1,41.10960958218893
COLEPARK,382049,201493,24,54,90,TRUE,14,1,1,115.80155439371269
COLLIERSWOOD,382931,200706,25,70,107,TRUE,21,1,1,142.80056022299073
CORRAL,380279,201409,26,56,54,TRUE,1,1,1,89.45389874119518
DAM,383126,200958,27,65,111,TRUE,19,1,1,147.648230602334
DARKWOOD,383135,202599,28,32,111,TRUE,999,1,2,390.5547336801847
DEN,381314,201015,29,64,75,TRUE,11,1,1,273.40263349134
DINGLE,383237,202222,30,39,114,TRUE,999,1,2,321
DOLINE,382076,201048,31,63,90,TRUE,15,1,1,37.05401462729781
FERN,381314,201301,32,58,75,TRUE,10,1,1,40.22437072223753
FIELDFARM,380936,199687,33,90,67,TRUE,999,1,2,269.2582403567252
FORK,382786,200771,34,68,104,TRUE,16,1,1,158.90248582070703
FOX,381016,201635,35,51,69,TRUE,6,1,1,46.389654018972806
GIANTBEECH,382420,201405,36,56,97,TRUE,14,1,1,122.2620137246234
GULLY,382734,202283,37,38,103,TRUE,999,1,2,191.9505144562004
HEDGE,381350,200278,38,78,76,TRUE,999,1,2,273.82658746002005
HOLLOWTREE,382930,201326,39,57,107,TRUE,18,1,1,90.78546139112804
HOLLYWOOD,381353,199891,40,86,76,TRUE,999,1,2,387.01162773229436
HONEYWELL,381931,201706,41,50,87,TRUE,8,1,1,39.92492955535426
HOPPER,383666,200473,42,74,122,TRUE,999,1,2,65.76473218982953
HUNTINGGATE,381247,201345,43,57,74,TRUE,10,1,1,39.96248240537617
INCHBROOK,384013,200739,44,69,129,TRUE,999,1,2,338.10353443878694
JACKSMIREY,380678,200030,45,83,62,TRUE,5,1,1,59.21148537234985
JACOBS,380387,201401,46,56,57,TRUE,2,1,1,92.02716990106781
JUNCTION,380841,200432,47,75,66,TRUE,4,1,1,32.64965543462902
KENNEL,382464,200922,48,65,98,TRUE,15,1,1,57.271284253105414
LARCH,380541,201242,49,59,60,TRUE,2,1,1,106.94391053257777
LAURELS,381180,201357,50,57,72,TRUE,9,1,1,24.351591323771842
LINSEED,383011,201367,51,57,109,TRUE,18,1,1,90.78546139112804
LISTERS,383444,201738,52,49,118,TRUE,999,1,2,278.5121182282739
MANSION,380901,201150,53,61,67,TRUE,3,1,1,33.1058907144937
MEAD,380390,200637,54,71,57,TRUE,4,1,1,102.34256201600583
NEEDLES,382440,200974,55,64,98,TRUE,15,1,1,57.271284253105414
NETTLE,383024,201142,56,61,109,TRUE,18,1,1,171.45261736118232
NEWFENCE,380635,201191,57,60,61,TRUE,2,1,1,106.94391053257777
OAKPILE,382183,201478,58,54,92,TRUE,14,1,1,67.80117993073571
OLDCOLEPARK,382142,201424,59,55,92,TRUE,14,1,1,67.80117993073571
OLDOAK,382624,201274,60,58,101,TRUE,17,1,1,114.61239025515522
OLDPONDDRAIN,381503,201484,61,54,79,TRUE,13,1,1,190.22355269524328
OPEN,380812,200417,62,76,65,TRUE,4,1,1,32.64965543462902
PARKMILL,383730,200924,63,65,123,TRUE,20,1,1,318.0770346944274
PEGLARS,382355,200596,64,72,96,TRUE,16,1,1,155.56349186104046
PONTINS,382122,200921,65,65,91,TRUE,15,1,1,126.39620247459969
POPLAR,382132,201047,66,63,91,TRUE,15,1,1,56.00892785976178
PRIORY,384143,201139,67,61,132,TRUE,999,1,2,420.5948168962618
QUARRY,383188,201092,68,62,113,TRUE,18,1,1,147.648230602334
RABBIT,380856,201662,69,51,66,TRUE,6,1,1,162.2621335986927
RUSTYTRAP,381281,201324,70,57,74,TRUE,10,1,1,39.96248240537617
SAPLING,381716,201013,71,64,83,TRUE,12,1,1,94.03190947758107
SCOTLANDBANK,383412,200931,72,65,117,TRUE,20,1,1,275.8568469333324
SCRUB,383045,200620,73,72,110,TRUE,21,1,1,142.80056022299073
SEPTICTANK,381357,201285,74,58,76,TRUE,10,1,1,45.880278987817846
SINGLE,380737,200025,75,83,64,TRUE,999,1,2,59.21148537234985
STREAM,383608,202451,76,35,121,TRUE,999,1,2,267.5256997000475
SYCAMORE,381103,201676,77,50,71,TRUE,6,1,1,96.17692030835673
TAXUS,381737,201220,78,60,84,TRUE,11,1,1,127.38916751435343
THICKET,380872,200010,79,84,66,TRUE,999,1,2,63.28506932918696
THISTLEWOODBANK,381109,200408,80,76,71,TRUE,4,1,1,269.0724809414742
TIP,380475,200580,81,72,58,TRUE,4,1,1,66.18912297349165
TOP,381795,200962,82,65,85,TRUE,12,1,1,94.03190947758107
TOPOAK,382616,201525,83,53,101,TRUE,17,1,1,147.85127662620977
TRACKSIDE,382281,201327,84,57,94,TRUE,14,1,1,159.38946012832844
VINE,381932,201624,85,51,87,TRUE,8,1,1,47.12748667179272
WALL,382201,200574,86,72,93,TRUE,16,1,1,155.56349186104046
WASPNEST,380866,199947,87,85,66,TRUE,999,1,2,63.28506932918696
WEST,380190,201400,88,56,53,TRUE,1,1,1,89.45389874119518
WINDSOREDGE,383635,200531,89,73,121,TRUE,999,1,2,65.76473218982953
WOODFARM,383337,200429,90,75,116,TRUE,22,1,1,314.97301471713416
WOODMANS,382542,201397,91,56,100,TRUE,17,1,1,122.2620137246234
WOODRUSH,382713,200607,92,72,103,TRUE,16,1,1,179.51323071016242
WYCHELM,382074,201085,93,62,90,TRUE,15,1,1,37.05401462729781
XMASTREE,382680,201174,94,60,102,TRUE,17,1,1,114.61239025515522
YEW,381619,201268,95,59,81,TRUE,11,1,1,127.38916751435343
