previous_sett,Sett_Clean,movement_type,n,n_badgers,median_distance_m,median_gap_q
HEDGE,HEDGE,same sett,364,92,0,1
INCHBROOK,INCHBROOK,same sett,289,108,0,2
FIELDFARM,FIELDFARM,same sett,223,49,0,1
WINDSOREDGE,WINDSOREDGE,same sett,222,88,0,1
DINGLE,DINGLE,same sett,116,31,0,2
HOLLYWOOD,HOLLYWOOD,same sett,103,25,0,1
BAMBOO,BAMBOO,same sett,97,28,0,2
BUNGALOW,BUNGALOW,same sett,89,32,0,2
ATCOMBEWEST,ATCOMBEWEST,same sett,68,26,0,2
DARKWOOD,DARKWOOD,same sett,68,21,0,1
ATCOMBECORNER,ATCOMBECORNER,same sett,52,25,0,3
WINDSOREDGE,WOODFARM,peripheral -> core,31,24,314.97301471713416,3
WOODFARM,WINDSOREDGE,core -> peripheral,31,24,314.97301471713416,2
BENCH,BENCH,same sett,29,12,0,1
LISTERS,LISTERS,same sett,22,9,0,2
HOGARTHS,HOGARTHS,same sett,20,12,0,1
WINDSOREDGE,HOPPER,different peripheral sett,17,15,65.76473218982953,2
HOPPER,WINDSOREDGE,different peripheral sett,14,13,65.76473218982953,1.5
JACKSMIREY,SINGLE,SG unassigned,14,14,59.21148537234985,1
SINGLE,JACKSMIREY,SG unassigned,11,11,59.21148537234985,1
ATCOMBEWEST,WALL,peripheral -> core,10,9,1445.3113851347052,1.5
WALL,ATCOMBEWEST,core -> peripheral,10,9,1445.3113851347052,3
BENCH,BOX,peripheral -> core,9,8,218.76242821837573,2
BOX,BENCH,core -> peripheral,9,8,218.76242821837573,1
WEST,BENCH,core -> peripheral,9,8,243.46046907044274,4
BOUNDARYCOURT,BOUNDARYCOURT,same sett,8,6,0,2.5
HEDGE,THISTLEWOODBANK,peripheral -> core,8,8,273.82658746002005,2.5
STREAM,BUNGALOW,different peripheral sett,8,8,267.5256997000475,2.5
BOUNDARYCOURT,GULLY,different peripheral sett,7,7,191.9505144562004,1
BUNGALOW,STREAM,different peripheral sett,7,7,267.5256997000475,1
GULLY,BOUNDARYCOURT,different peripheral sett,7,6,191.9505144562004,2
WASPNEST,JACKSMIREY,SG unassigned,7,5,205.50669088864237,2
ATCOMBECORNER,ATCOMBEWEST,different peripheral sett,6,6,332.06324698767855,5.5
BUNGALOW,DINGLE,different peripheral sett,6,6,655.7347024521426,3.5
GULLY,GULLY,same sett,6,4,0,2.5
INCHBROOK,PARKMILL,peripheral -> core,6,6,338.10353443878694,2.5
JACKSMIREY,WASPNEST,SG unassigned,6,4,205.50669088864237,3.5
LARCH,BENCH,core -> peripheral,6,6,275.4850268163408,1.5
PARKMILL,SANDY,core -> peripheral,6,6,82.73451516749222,4
ATCOMBEWEST,NETTLE,peripheral -> core,5,4,445.89909172367686,4
ATCOMBEWEST,OLDOAK,peripheral -> core,5,4,764.4932962426813,2
DINGLE,DARKWOOD,different peripheral sett,5,5,390.5547336801847,1
FIELDFARM,JACKSMIREY,SG unassigned,5,5,429.2004193846972,3
SANDY,PARKMILL,peripheral -> core,5,5,82.73451516749222,4
BENCH,WEST,peripheral -> core,4,4,243.46046907044274,1
HEDGE,HOLLYWOOD,different peripheral sett,4,4,387.01162773229436,8
HOLLYWOOD,HEDGE,different peripheral sett,4,4,387.01162773229436,1
OLDOAK,ATCOMBEWEST,core -> peripheral,4,3,764.4932962426813,1
PRIORY,PRIORY,same sett,4,3,0,1.5
THISTLEWOODBANK,HEDGE,core -> peripheral,4,4,273.82658746002005,2
ATCOMBEWEST,ATCOMBECORNER,different peripheral sett,3,3,332.06324698767855,4
BAMBOO,ATCOMBEWEST,different peripheral sett,3,3,540.8003328401343,8
BAMBOO,DINGLE,different peripheral sett,3,3,593.1509082855728,6
BENCH,LARCH,peripheral -> core,3,3,275.4850268163408,1
BOUNDARYCOURT,DARKWOOD,different peripheral sett,3,3,435.99311921176,4
DARKWOOD,BOUNDARYCOURT,different peripheral sett,3,3,435.99311921176,4
DARKWOOD,DINGLE,different peripheral sett,3,3,390.5547336801847,2
DINGLE,FIELDFARM,different peripheral sett,3,3,3423.56919018734,4
FIELDFARM,DINGLE,different peripheral sett,3,3,3423.56919018734,12
HEDGE,JUNCTION,peripheral -> core,3,3,531.7866113395485,8
HOGARTHS,WOODRUSH,peripheral -> core,3,2,560.6353538620268,2
NETTLE,ATCOMBEWEST,core -> peripheral,3,3,445.89909172367686,2
PARKMILL,INCHBROOK,core -> peripheral,3,3,338.10353443878694,2
SANDY,SANDY,same sett,3,3,0,4
SCOTLANDBANK,PYLON,core -> peripheral,3,3,2234.2499860132034,5
ATCOMBECORNER,PARKMILL,peripheral -> core,2,2,578.9991364414976,6.5
ATCOMBECORNER,WALL,peripheral -> core,2,2,1759.6047851719431,1
ATCOMBEWEST,TOPOAK,peripheral -> core,2,2,766.6452895570415,6.5
BAMBOO,BUNGALOW,different peripheral sett,2,2,860.3348185445013,2
BAMBOO,DARKWOOD,different peripheral sett,2,2,937.6017278141077,6.5
BAMBOO,LISTERS,different peripheral sett,2,2,278.5121182282739,7.5
DINGLE,OLDOAK,peripheral -> core,2,2,1128.9255954224795,12.5
FIELDFARM,HEDGE,different peripheral sett,2,2,721.5795174476615,5.5
FIELDFARM,HOLLYWOOD,different peripheral sett,2,2,464.2251608863957,4
FIELDFARM,SINGLE,different peripheral sett,2,2,392.23079940259663,2.5
FORK,HOGARTHS,core -> peripheral,2,1,735.3944519779844,1.5
GIANTBEECH,DARKWOOD,core -> peripheral,2,2,1391.7115362028153,8
HEDGE,JACKSMIREY,SG unassigned,2,2,716.301612451068,4.5
HEDGE,TOP,peripheral -> core,2,2,816.0153184836666,4
HOPPER,HOPPER,same sett,2,2,0,3.5
INCHBROOK,WINDSOREDGE,different peripheral sett,2,2,431.4487223297805,8
JACKSMIREY,FIELDFARM,SG unassigned,2,2,429.2004193846972,2.5
JACKSMIREY,STREAM,SG unassigned,2,2,3800.8079404252985,1.5
PARKMILL,ATCOMBEWEST,core -> peripheral,2,2,607.5146088778442,14
THICKET,JACKSMIREY,SG unassigned,2,2,195.02820308868152,1
WINDSOREDGE,COLLIERSWOOD,peripheral -> core,2,2,725.42470319117206,6
WINDSOREDGE,PARKMILL,peripheral -> core,2,2,404.31918084602415,6
WOODFARM,HOPPER,core -> peripheral,2,2,331.9292093203007,1.5
WOODRUSH,HOGARTHS,core -> peripheral,2,2,560.6353538620268,3
YEW,HEDGE,core -> peripheral,2,2,1025.8952188211035,1
ARTHURS,GULLY,core -> peripheral,1,1,2800.5872598439064,11
ARTHURS,WASPNEST,core -> peripheral,1,1,688.3552861713201,1
ATCOMBECORNER,BOUNDARYCOURT,different peripheral sett,1,1,1061.5083607772478,7
ATCOMBECORNER,NETTLE,peripheral -> core,1,1,762.3542483648923,7
ATCOMBECORNER,OLDOAK,peripheral -> core,1,1,1095.9781019710201,23
ATCOMBECORNER,PRIORY,different peripheral sett,1,1,575.8280993491027,3
ATCOMBEWEST,BOUNDARY,peripheral -> core,1,1,2926.143708022557,4
ATCOMBEWEST,DAM,peripheral -> core,1,1,522.1896207317798,6
ATCOMBEWEST,HOLLOWTREE,peripheral -> core,1,1,454.2092029010421,4
BAMBOO,BOUNDARYCOURT,different peripheral sett,1,1,866.87542357596,2
BAMBOO,PARKMILL,peripheral -> core,1,1,926.5187531831183,3
BEECH,HEDGE,core -> peripheral,1,1,980.0800987674426,1
BENCH,BOXER,peripheral -> core,1,1,190.05525512334563,1
BENCH,CEDAR,peripheral -> core,1,1,613.3726436677788,2
BOUNDARY,ATCOMBEWEST,core -> peripheral,1,1,2926.143708022557,1
BOUNDARYCOURT,DINGLE,different peripheral sett,1,1,321,5
BOUNDARYCOURT,HONEYWELL,peripheral -> core,1,1,1111.9716723010529,14
BUNGALOW,BAMBOO,different peripheral sett,1,1,860.3348185445013,3
BUNGALOW,HOGARTHS,different peripheral sett,1,1,2856.2130522774382,3
BUNGALOW,OLDOAK,peripheral -> core,1,1,1779.521564915694,9
CEDAR,BENCH,core -> peripheral,1,1,613.3726436677788,1
CLAY,WASPNEST,core -> peripheral,1,1,645.0310070066399,1
CORRAL,BENCH,core -> peripheral,1,1,159.0125781188394,1
DARKWOOD,BAMBOO,different peripheral sett,1,1,937.6017278141077,12
DINGLE,BOUNDARYCOURT,different peripheral sett,1,1,321,4
DINGLE,LISTERS,different peripheral sett,1,1,526.4076367227208,2
DINGLE,STREAM,different peripheral sett,1,1,435.98394465851607,2
DINGLE,TOPOAK,peripheral -> core,1,1,933.5148632989193,14
DINGLE,WINDSOREDGE,different peripheral sett,1,1,1737.2060902495132,1
HEDGE,BEECH,peripheral -> core,1,1,980.0800987674426,1
HEDGE,FIELDFARM,different peripheral sett,1,1,721.5795174476615,1
HEDGE,LAURELS,peripheral -> core,1,1,1092.309937700834,2
HEDGE,OPEN,peripheral -> core,1,1,555.6662667465067,3
HEDGE,SAPLING,peripheral -> core,1,1,821.0852574489448,3
HEDGE,TAXUS,peripheral -> core,1,1,1018.3972702241498,1
HEDGE,YEW,peripheral -> core,1,1,1025.8952188211035,1
HOGARTHS,OLDOAK,peripheral -> core,1,1,1221.0036854981233,27
HOLLYWOOD,FIELDFARM,different peripheral sett,1,1,464.2251608863957,5
HONEYWELL,WINDSOREDGE,core -> peripheral,1,1,2069.8408151353087,3
INCHBROOK,ATCOMBEWEST,different peripheral sett,1,1,930.9822769526819,12
INCHBROOK,HOPPER,different peripheral sett,1,1,437.2241987813575,9
INCHBROOK,PRIORY,different peripheral sett,1,1,420.5948168962618,6
INCHBROOK,WOODFARM,peripheral -> core,1,1,743.6907959629459,2
JACOBS,BENCH,core -> peripheral,1,1,92.02716990106781,3
JUNCTION,HEDGE,core -> peripheral,1,1,531.7866113395485,2
LISTERS,BAMBOO,different peripheral sett,1,1,278.5121182282739,4
LISTERS,CARPARK,peripheral -> core,1,1,3639.370962130681,2
LISTERS,DINGLE,different peripheral sett,1,1,526.4076367227208,1
LISTERS,WOODFARM,peripheral -> core,1,1,1313.3659048414497,1
OLDOAK,BUNGALOW,core -> peripheral,1,1,1779.521564915694,3
PARKMILL,ATCOMBECORNER,core -> peripheral,1,1,578.9991364414976,2
PARKMILL,BAMBOO,core -> peripheral,1,1,926.5187531831183,1
PYLON,PYLON,same sett,1,1,0,1
SAPLING,HEDGE,core -> peripheral,1,1,821.0852574489448,1
SCOTLANDBANK,WINDSOREDGE,core -> peripheral,1,1,457.961788799022,2
STREAM,DINGLE,different peripheral sett,1,1,435.98394465851607,1
STREAM,JACKSMIREY,SG unassigned,1,1,3800.8079404252985,1
TAXUS,HEDGE,core -> peripheral,1,1,1018.3972702241498,1
TOP,HEDGE,core -> peripheral,1,1,816.0153184836666,4
TOPOAK,ATCOMBEWEST,core -> peripheral,1,1,766.6452895570415,2
TOPOAK,BAMBOO,core -> peripheral,1,1,1130.7139337604362,1
WEST,WINDSOREDGE,core -> peripheral,1,1,3552.912326528759,2
WINDSOREDGE,BOX,peripheral -> core,1,1,3139.280172268796,3
WINDSOREDGE,HONEYWELL,peripheral -> core,1,1,2069.8408151353087,5
WINDSOREDGE,SCOTLANDBANK,peripheral -> core,1,1,457.961788799022,1
WINDSOREDGE,WEST,peripheral -> core,1,1,3552.912326528759,1
WOODFARM,INCHBROOK,core -> peripheral,1,1,743.6907959629459,4
