Sett_original,Sett_Clean,x,y,SG_id,spatial_class
ARTHURS,ARTHURS,380534,200550,4,core
ASH.TREE,ASHTREE,381604,201121,11,core
ATCOMBE.CORNER,ATCOMBECORNER,383696,201502,999,peripheral
ATCOMBE.WEST,ATCOMBEWEST,383375,201417,999,peripheral
BAMBOO,BAMBOO,383699,201850,999,peripheral
BANK,BANK,380563,200499,4,core
BEASTY,BEASTY,380961,201190,3,core
BEECH,BEECH,380931,201164,3,core
BENCH,BENCH,380417,201488,999,peripheral
BEND,BEND,381942,201770,8,core
BLACKTHORN,BLACKTHORN,381573,200897,12,core
BLUEBELL,BLUEBELL,382106,201001,15,core
BLUEBOTTLE,BLUEBOTTLE,381761,200946,12,core
BOG,BOG,382099,200773,15,core
BORAX,BORAX,384023,200756,999,peripheral
BOUNDARY,BOUNDARY,380449,201388,2,core
BOUNDARY.COURT,BOUNDARYCOURT,382916,202222,999,peripheral
BOWLAS,BOWLAS,382396,199692,999,peripheral
BOX,BOX,380621,201409,2,core
BOXER,BOXER,380597,201427,2,core
BOXWOOD,BOXWOOD,381241,201774,7,core
BRACKEN,BRACKEN,381157,201365,10,core
BRAMBLE,BRAMBLE,380625,200466,4,core
BREAKHEART,BREAKHEART,381370,201620,7,core
BRICK.KILN,BRICKKILN,381364,201480,10,core
BUCKHOLT,BUCKHOLT,379874,201435,1,core
BULL.PEN,BULLPEN,381230,201693,7,core
BUNGALOW,BUNGALOW,383675,202710,999,peripheral
BUSH,BUSH,380707,200454,4,core
CARPARK,CARPARK,379814,201477,1,core
CARTON,CARTON,380580,201391,2,core
CEDAR,CEDAR,381022,201589,6,core
CHAIN,CHAIN,381946,201669,8,core
CHERRIES,CHERRIES,381841,201313,13,core
CHESTNUT,CHESNUT,380834,201150,3,core
CHICKEN.WIRE,CHICKENWIRE,382168,201377,14,core
CLAY,CLAY,380590,200530,4,core
CLEMATIS,CLEMATIS,380402,200474,4,core
CLIFF.FACE,CLIFFFACEFACE,380646,199943,999,peripheral
COLE.PARK,COLEPARK,382049,201493,14,core
COLLIERS.WOOD,COLLIERSWOOD,382931,200706,21,core
COMPLEX,COMPLEX,380649,201388,2,core
CONVENT,CONVENT,383938,201266,999,peripheral
CORRAL,CORRAL,380279,201409,1,core
COVERT,COVERT,380714,199933,999,peripheral
CUL-DE-SAC,CULDESAC,382399,200920,15,core
DAM,DAM,383126,200958,19,core
DARK.WOOD,DARKWOOD,383135,202599,999,peripheral
DEN,DEN,381314,201015,11,core
DINGLE,DINGLE,383237,202222,999,peripheral
DOLINE,DOLINE,382076,201048,15,core
DRAIN,DRAIN,382277,201058,15,core
DUMP,DUMP,380662,200205,999,peripheral
DUMPER,DUMPER,382529,201326,17,core
EARTH,EARTH,380906,200398,4,core
EDGE,EDGE,380531,200225,5,core
ELBOW,ELBOW,382811,200806,16,core
ELEVEN.ROW,ELEVENROW,381824,201695,8,core
FENCE.HOLE,FENCEHOLE,380334,200645,4,core
FERN,FERN,381314,201301,10,core
FIELD.BANK,FIELDBANK,380915,201219,3,core
FIELD.FARM,FIELDFARM,380936,199687,999,peripheral
FIELD.POLE,FIELDPOLE,381004,201268,3,core
FINGER,FINGER,380659,200133,5,core
FOREST,FOREST,381920,201658,8,core
FORK,FORK,382786,200771,16,core
FOX,FOX,381016,201635,6,core
GIANT.BEECH,GIANTBEECH,382420,201405,14,core
GOLD.TOP,GOLDTOP,382188,201414,14,core
GRAVEL.PIT,GRAVELPITPIT,381184,201836,7,core
GROUNDSTUMP,GROUNDSTUMP,380583,201265,2,core
GULLY,GULLY,382734,202283,999,peripheral
HEDGE,HEDGE,381350,200278,999,peripheral
HOGARTHS,HOGARTHS,382627,200053,999,peripheral
HOLLOW.TREE,HOLLOWTREE,382930,201326,18,core
HOLLY,HOLLY,383947,200713,999,peripheral
HOLLYWOOD,HOLLYWOOD,381353,199891,999,peripheral
HONEYWELL,HONEYWELL,381931,201706,8,core
HOPPER,HOPPER,383666,200473,999,peripheral
HORSE.FIELD,HORSEFIELD,381432,201406,10,core
HUNTING.GATE,HUNTINGGATE,381247,201345,10,core
HURDLES,HURDLES,383082,201046,19,core
INCHBROOK,INCHBROOK,384013,200739,999,peripheral
JACKS,JACKSMIREY,380678,200030,NA,SG unassigned
JACOBS,JACOBS,380387,201401,2,core
JUNCTION,JUNCTION,380841,200432,4,core
JUNGLE,JUNGLE,383314,200694,21,core
KENNEL,KENNEL,382464,200922,15,core
LARCH,LARCH,380541,201242,2,core
LAURELS,LAURELS,381180,201357,10,core
LAY,LAY,380860,199736,999,peripheral
LEBANON,LEBANON,380690,201353,2,core
LINSEED,LINSEED,383011,201367,18,core
LISTERS,LISTERS,383444,201738,999,peripheral
LITTLE.BEECH,LITTLEBEECH,382359,201429,14,core
MAID,MAID,382606,200941,15,core
MANSION,MANSION,380901,201150,3,core
MEAD,MEAD,380390,200637,4,core
MEADOW,MEADOW,381112,199639,999,peripheral
MRS.MACKS,MRSMACKS,380365,200369,4,core
NEEDLES,NEEDLES,382440,200974,15,core
NETTLE,NETTLE,383024,201142,18,core
NEW.FENCE,NEWFENCE,380635,201191,2,core
OAK.PILE,OAKPILE,382183,201478,14,core
OLD.COLEPARK,OLDCOLEPARK,382142,201424,14,core
OLD.OAK,OLDOAK,382624,201274,17,core
OLD.POND.DRAIN,OLDPONDDRAIN,381503,201484,13,core
OPEN,OPEN,380812,200417,4,core
PARK.MILL,PARKMILL,383730,200924,20,core
PEGLARS,PEGLARS,382355,200596,16,core
PEN,PEN,382191,199820,999,peripheral
PEN.(NEEDS.RENAME),PENNEEDSRENAME,382413,200651,16,core
PLANTATION,PLANTATION,381649,201342,13,core
POND,POND,383026,200802,19,core
PONTINS,PONTINS,382122,200921,15,core
POPLAR,POPLAR,382132,201047,15,core
PRIORY,PRIORY,384143,201139,999,peripheral
PUDDLES,PUDDLES,382779,200661,16,core
PUFFBALL,PUFFBALL,381532,201077,11,core
PYLON,PYLON,381275,200279,999,peripheral
QUARRY,QUARRY,383188,201092,18,core
RABBIT,RABBIT,380856,201662,6,core
RUSTY.TRAP,RUSTYTRAP,381281,201324,10,core
SANDY,SANDY,383812,200913,999,peripheral
SAPLING,SAPLING,381716,201013,12,core
SCOTLAND.BANK,SCOTLANDBANK,383412,200931,20,core
SCRUB,SCRUB,383045,200620,21,core
SEDGE,SEDGE,382706,200584,16,core
SELSLEY,SELSLEY,383749,203824,999,peripheral
SEPTIC.TANK,SEPTICTANK,381357,201285,10,core
SINGLE,SINGLE,380737,200025,999,peripheral
SLIP,SLIP,380437,200628,4,core
SPRING,SPRING,382317,200560,16,core
SPUR,SPUR,379972,201378,1,core
STEEP.BANK,STEEPBANK,381515,201745,8,core
STINGER,STINGER,383066,201113,18,core
STONE.DRAIN,STONEDRAIN,380305,200631,4,core
STONEY.TRACK,STONEYTRACK,380742,201140,3,core
STREAM,STREAM,383608,202451,999,peripheral
STREAM.(NEEDS.NEW.NAME),STREAMNEEDSNEWNAME,380919,199926,999,peripheral
STUMP,STUMP,382956,201126,19,core
SYCAMORE,SYCAMORE,381103,201676,6,core
TAXUS,TAXUS,381737,201220,11,core
THICKET,THICKET,380872,200010,999,peripheral
THIRD.ROW,THIRDROW,381860,201755,8,core
THISTLE.WOOD.BANK,THISTLEWOODBANK,381109,200408,4,core
TIP,TIP,380475,200580,4,core
TODDS,TODDS,380393,200413,4,core
TOP,TOP,381795,200962,12,core
TOP.OAK,TOPOAK,382616,201525,17,core
TRACKSIDE,TRACKSIDE,382281,201327,14,core
TRIPWIRE,TRIPWIRE,381813,200992,12,core
UTES,UTES,381542,200954,11,core
VILLIERS.CUT,VILLIERSCUT,384110,203159,999,peripheral
VILLIERS.UPPER,VILLIERSUPPER,383397,203233,999,peripheral
VINE,VINE,381932,201624,8,core
WALL,WALL,382201,200574,16,core
WASP.NEST,WASPNEST,380866,199947,999,peripheral
WATERBUTT,WATERBUTT,380662,201206,2,core
WEST,WEST,380190,201400,1,core
WINDFALL,WINDFALL,382124,200793,15,core
WINDSOR.EDGE,WINDSOREDGE,383635,200531,999,peripheral
WOOD.FARM,WOODFARM,383337,200429,22,core
WOODMANS,WOODMANS,382542,201397,17,core
WOODRUSH,WOODRUSH,382713,200607,16,core
WYCH.ELM,WYCHELM,382074,201085,15,core
XMAS.TREE,XMASTREE,382680,201174,19,core
YEW,YEW,381619,201268,11,core
