previous_sett,Sett_Clean,n
WEST,WEST,459
TOP,TOP,391
HEDGE,HEDGE,364
JACKSMIREY,JACKSMIREY,343
PEGLARS,PEGLARS,334
WOODFARM,WOODFARM,333
PARKMILL,PARKMILL,325
INCHBROOK,INCHBROOK,289
YEW,YEW,264
KENNEL,KENNEL,254
COLLIERSWOOD,COLLIERSWOOD,233
ARTHURS,ARTHURS,232
OLDOAK,OLDOAK,225
BOX,BOX,224
FIELDFARM,FIELDFARM,223
WINDSOREDGE,WINDSOREDGE,222
LARCH,BOX,145
BOX,LARCH,132
LARCH,LARCH,131
BEECH,BEECH,122
DINGLE,DINGLE,116
NETTLE,NETTLE,115
TAXUS,YEW,108
THISTLEWOODBANK,THISTLEWOODBANK,107
HONEYWELL,HONEYWELL,106
HOLLYWOOD,HOLLYWOOD,103
WOODRUSH,WOODRUSH,103
YEW,TAXUS,100
BAMBOO,BAMBOO,97
BUNGALOW,BUNGALOW,89
COLEPARK,COLEPARK,86
WYCHELM,WYCHELM,86
BOXWOOD,BOXWOOD,84
JUNCTION,JUNCTION,84
LAURELS,LAURELS,80
CHESNUT,BEECH,76
BEECH,CHESNUT,73
ATCOMBEWEST,ATCOMBEWEST,68
DARKWOOD,DARKWOOD,68
TAXUS,TAXUS,67
SEPTICTANK,SEPTICTANK,64
ARTHURS,MEAD,58
CEDAR,CEDAR,57
WOODRUSH,FORK,54
ATCOMBECORNER,ATCOMBECORNER,52
FORK,FORK,52
FORK,WOODRUSH,52
THISTLEWOODBANK,JUNCTION,51
MEAD,ARTHURS,50
JUNCTION,THISTLEWOODBANK,49
CHESNUT,CHESNUT,48
WYCHELM,POPLAR,48
RABBIT,RABBIT,47
TOPOAK,TOPOAK,46
POPLAR,WYCHELM,45
LAURELS,SEPTICTANK,42
SEPTICTANK,LAURELS,39
SCOTLANDBANK,SCOTLANDBANK,38
POPLAR,POPLAR,36
TOPOAK,OLDOAK,36
BOG,BOG,35
CEDAR,RABBIT,35
LAURELS,OLDPONDDRAIN,33
MEAD,MEAD,33
WINDSOREDGE,WOODFARM,31
WOODFARM,WINDSOREDGE,31
TOP,YEW,30
YEW,TOP,30
BENCH,BENCH,29
OLDOAK,TOPOAK,29
TOP,TAXUS,28
RABBIT,CEDAR,27
OLDPONDDRAIN,LAURELS,23
OLDPONDDRAIN,SEPTICTANK,23
PARKMILL,SCOTLANDBANK,23
TRACKSIDE,TRACKSIDE,23
WEST,CORRAL,23
LISTERS,LISTERS,22
CORRAL,WEST,21
HOGARTHS,HOGARTHS,20
BEECH,MANSION,19
HONEYWELL,CHAIN,19
SCOTLANDBANK,PARKMILL,19
THISTLEWOODBANK,OPEN,19
ARTHURS,BRAMBLE,18
OPEN,JUNCTION,18
OPEN,THISTLEWOODBANK,18
TAXUS,TOP,18
WOODFARM,COLLIERSWOOD,18
NEEDLES,KENNEL,17
NETTLE,HOLLOWTREE,17
SEPTICTANK,OLDPONDDRAIN,17
WINDSOREDGE,HOPPER,17
WOODRUSH,COLLIERSWOOD,17
CHAIN,HONEYWELL,16
DAM,NETTLE,16
HOLLOWTREE,NETTLE,16
KENNEL,WYCHELM,16
MANSION,BEECH,16
NETTLE,DAM,16
OLDOAK,NETTLE,16
BOXWOOD,CEDAR,15
BRAMBLE,ARTHURS,15
WYCHELM,KENNEL,15
CHESNUT,MANSION,14
COLLIERSWOOD,WOODFARM,14
COLLIERSWOOD,WOODRUSH,14
FORK,COLLIERSWOOD,14
HOPPER,WINDSOREDGE,14
JACKSMIREY,SINGLE,14
PEGLARS,KENNEL,14
SEPTICTANK,YEW,14
KENNEL,CULDESAC,13
LAURELS,CEDAR,13
MANSION,CHESNUT,13
OLDPONDDRAIN,OLDPONDDRAIN,13
TOP,WYCHELM,13
BOX,WEST,12
CEDAR,BOXWOOD,12
KENNEL,NEEDLES,12
SEPTICTANK,HUNTINGGATE,12
COLLIERSWOOD,FORK,11
CULDESAC,KENNEL,11
KENNEL,DOLINE,11
SINGLE,JACKSMIREY,11
ATCOMBEWEST,WALL,10
BANK,ARTHURS,10
CHERRIES,CHERRIES,10
DOLINE,KENNEL,10
HUNTINGGATE,SEPTICTANK,10
KENNEL,PEGLARS,10
RABBIT,BOXWOOD,10
WALL,ATCOMBEWEST,10
YEW,LAURELS,10
BENCH,BOX,9
BOX,BENCH,9
BULLPEN,BOXWOOD,9
CEDAR,LAURELS,9
HUNTINGGATE,HUNTINGGATE,9
JUNCTION,OPEN,9
NETTLE,OLDOAK,9
WEST,BENCH,9
BEECH,LARCH,8
BOUNDARYCOURT,BOUNDARYCOURT,8
BREAKHEART,BREAKHEART,8
COLEPARK,HONEYWELL,8
HEDGE,THISTLEWOODBANK,8
HONEYWELL,BEND,8
HONEYWELL,COLEPARK,8
KENNEL,WOODRUSH,8
LARCH,WEST,8
POPLAR,TAXUS,8
STREAM,BUNGALOW,8
WEST,BOX,8
WEST,LARCH,8
YEW,SEPTICTANK,8
ARTHURS,BANK,7
BEECH,CEDAR,7
BOUNDARYCOURT,GULLY,7
BOXWOOD,HONEYWELL,7
BUNGALOW,STREAM,7
COLEPARK,TRACKSIDE,7
FOX,RABBIT,7
GIANTBEECH,COLEPARK,7
GULLY,BOUNDARYCOURT,7
HOLLOWTREE,HOLLOWTREE,7
MEAD,BANK,7
PEGLARS,COLLIERSWOOD,7
POPLAR,NEEDLES,7
TOP,POPLAR,7
TRACKSIDE,COLEPARK,7
TRACKSIDE,OLDCOLEPARK,7
WASPNEST,JACKSMIREY,7
WEST,CARPARK,7
WOODRUSH,KENNEL,7
WYCHELM,TOP,7
ATCOMBECORNER,ATCOMBEWEST,6
BOG,PEGLARS,6
BREAKHEART,BOXWOOD,6
BUNGALOW,DINGLE,6
CEDAR,FOX,6
CHAIN,CHAIN,6
DAM,DAM,6
GULLY,GULLY,6
INCHBROOK,PARKMILL,6
JACKSMIREY,WASPNEST,6
KENNEL,MAID,6
KENNEL,OLDOAK,6
LARCH,BEECH,6
LARCH,BENCH,6
LAURELS,YEW,6
OLDCOLEPARK,COLEPARK,6
OLDOAK,TRACKSIDE,6
OPEN,OPEN,6
PARKMILL,SANDY,6
POPLAR,TOP,6
RABBIT,FOX,6
RABBIT,LAURELS,6
TAXUS,POPLAR,6
TAXUS,WYCHELM,6
TOP,KENNEL,6
TOP,SAPLING,6
ARTHURS,JUNCTION,5
ATCOMBEWEST,NETTLE,5
ATCOMBEWEST,OLDOAK,5
BEND,HONEYWELL,5
BOG,WINDFALL,5
BOX,BEECH,5
BRAMBLE,MEAD,5
BREAKHEART,HONEYWELL,5
CARPARK,WEST,5
CEDAR,OLDPONDDRAIN,5
COLEPARK,GIANTBEECH,5
DINGLE,DARKWOOD,5
FIELDFARM,JACKSMIREY,5
FOX,CEDAR,5
KENNEL,POPLAR,5
MAID,KENNEL,5
NEWFENCE,CHESNUT,5
OLDOAK,WOODMANS,5
PONTINS,BOG,5
POPLAR,KENNEL,5
SANDY,PARKMILL,5
SEPTICTANK,BRACKEN,5
ARTHURS,BEECH,4
ARTHURS,OPEN,4
ARTHURS,TODDS,4
BEECH,NEWFENCE,4
BENCH,WEST,4
BOX,CHESNUT,4
BOX,RABBIT,4
BOXER,BOX,4
BOXWOOD,BREAKHEART,4
BOXWOOD,BULLPEN,4
CEDAR,BEECH,4
CEDAR,BRACKEN,4
CEDAR,SEPTICTANK,4
DOLINE,DOLINE,4
HEDGE,HOLLYWOOD,4
HOLLYWOOD,HEDGE,4
HONEYWELL,BREAKHEART,4
HUNTINGGATE,LAURELS,4
JACKSMIREY,ARTHURS,4
JUNCTION,ARTHURS,4
LAURELS,BRACKEN,4
LAURELS,HUNTINGGATE,4
LAURELS,RUSTYTRAP,4
LINSEED,NETTLE,4
NETTLE,LINSEED,4
NETTLE,TOPOAK,4
OLDCOLEPARK,TRACKSIDE,4
OLDOAK,ATCOMBEWEST,4
OLDOAK,DAM,4
OLDOAK,KENNEL,4
OLDPONDDRAIN,CEDAR,4
PEGLARS,FORK,4
PRIORY,PRIORY,4
SAPLING,TOP,4
SEPTICTANK,CEDAR,4
SEPTICTANK,FERN,4
SYCAMORE,CEDAR,4
SYCAMORE,RABBIT,4
TAXUS,CHERRIES,4
THISTLEWOODBANK,HEDGE,4
THISTLEWOODBANK,MEAD,4
TODDS,ARTHURS,4
TOPOAK,COLEPARK,4
YEW,POPLAR,4
YEW,THISTLEWOODBANK,4
ARTHURS,JACKSMIREY,3
ARTHURS,TIP,3
ATCOMBEWEST,ATCOMBECORNER,3
BAMBOO,ATCOMBEWEST,3
BAMBOO,DINGLE,3
BANK,BANK,3
BANK,MEAD,3
BENCH,LARCH,3
BOUNDARYCOURT,DARKWOOD,3
BOX,FOX,3
BRACKEN,HUNTINGGATE,3
BRACKEN,OLDPONDDRAIN,3
BRACKEN,SEPTICTANK,3
BRAMBLE,BRAMBLE,3
BUCKHOLT,WEST,3
BULLPEN,BREAKHEART,3
BULLPEN,CEDAR,3
CEDAR,BULLPEN,3
CEDAR,SYCAMORE,3
CHERRIES,TAXUS,3
CHESNUT,BOX,3
CHESNUT,CEDAR,3
CHESNUT,NEWFENCE,3
COLEPARK,CHAIN,3
COLEPARK,TAXUS,3
CORRAL,CORRAL,3
CULDESAC,NEEDLES,3
DAM,HOLLOWTREE,3
DAM,LINSEED,3
DARKWOOD,BOUNDARYCOURT,3
DARKWOOD,DINGLE,3
DINGLE,FIELDFARM,3
EARTH,THISTLEWOODBANK,3
FIELDFARM,DINGLE,3
HEDGE,JUNCTION,3
HOGARTHS,WOODRUSH,3
HOLLOWTREE,DAM,3
HONEYWELL,VINE,3
HUNTINGGATE,CEDAR,3
JACKSMIREY,MEAD,3
JACOBS,WEST,3
JUNCTION,EARTH,3
LARCH,CHESNUT,3
MANSION,MANSION,3
MEAD,BRAMBLE,3
NETTLE,ATCOMBEWEST,3
OAKPILE,COLEPARK,3
OAKPILE,OAKPILE,3
OLDCOLEPARK,OLDCOLEPARK,3
PARKMILL,INCHBROOK,3
PEGLARS,BOG,3
PONTINS,PONTINS,3
RABBIT,BOX,3
RABBIT,BULLPEN,3
SANDY,SANDY,3
SCOTLANDBANK,PYLON,3
THISTLEWOODBANK,ARTHURS,3
TOP,SEPTICTANK,3
TRACKSIDE,OLDOAK,3
VINE,HONEYWELL,3
WEST,BUCKHOLT,3
WINDFALL,BOG,3
WOODFARM,PARKMILL,3
WOODMANS,OLDOAK,3
WYCHELM,TAXUS,3
WYCHELM,YEW,3
XMASTREE,OLDOAK,3
YEW,CHERRIES,3
YEW,COLEPARK,3
YEW,WYCHELM,3
ARTHURS,THISTLEWOODBANK,2
ATCOMBECORNER,PARKMILL,2
ATCOMBECORNER,WALL,2
ATCOMBEWEST,TOPOAK,2
BAMBOO,BUNGALOW,2
BAMBOO,DARKWOOD,2
BAMBOO,LISTERS,2
BANK,BRAMBLE,2
BEECH,BOX,2
BEECH,OLDPONDDRAIN,2
BEND,CHAIN,2
BOX,BOXER,2
BOX,BUCKHOLT,2
BOXWOOD,FOX,2
BOXWOOD,OLDPONDDRAIN,2
BRACKEN,CEDAR,2
BRAMBLE,PARKMILL,2
BULLPEN,BULLPEN,2
BULLPEN,RABBIT,2
BUSH,JUNCTION,2
CARPARK,CARPARK,2
CEDAR,BOX,2
CEDAR,BREAKHEART,2
CEDAR,FERN,2
CEDAR,HUNTINGGATE,2
CEDAR,TAXUS,2
CHAIN,BEND,2
CHERRIES,COLEPARK,2
CHERRIES,YEW,2
CHESNUT,LARCH,2
CHESNUT,LAURELS,2
COLEPARK,OLDCOLEPARK,2
COLEPARK,YEW,2
COLLIERSWOOD,PEGLARS,2
COLLIERSWOOD,SCRUB,2
CORRAL,CARPARK,2
CULDESAC,CULDESAC,2
DAM,OLDOAK,2
DEN,SEPTICTANK,2
DEN,YEW,2
DINGLE,OLDOAK,2
FERN,FERN,2
FERN,LAURELS,2
FERN,RABBIT,2
FERN,TAXUS,2
FIELDFARM,HEDGE,2
FIELDFARM,HOLLYWOOD,2
FIELDFARM,SINGLE,2
FORK,HOGARTHS,2
FOX,FOX,2
FOX,SYCAMORE,2
GIANTBEECH,DARKWOOD,2
GIANTBEECH,GIANTBEECH,2
GIANTBEECH,TRACKSIDE,2
HEDGE,JACKSMIREY,2
HEDGE,TOP,2
HOLLOWTREE,OLDOAK,2
HONEYWELL,OAKPILE,2
HOPPER,HOPPER,2
INCHBROOK,WINDSOREDGE,2
JACKSMIREY,FIELDFARM,2
JACKSMIREY,STREAM,2
JACKSMIREY,TODDS,2
JUNCTION,JACKSMIREY,2
KENNEL,NETTLE,2
KENNEL,TAXUS,2
KENNEL,TOP,2
LARCH,CEDAR,2
LARCH,JACOBS,2
LAURELS,RABBIT,2
LINSEED,HOLLOWTREE,2
LINSEED,OLDOAK,2
MEAD,BEECH,2
NEEDLES,NEEDLES,2
NEEDLES,TOP,2
NEEDLES,WYCHELM,2
NETTLE,KENNEL,2
NETTLE,QUARRY,2
NETTLE,SCOTLANDBANK,2
NEWFENCE,BOX,2
NEWFENCE,NEWFENCE,2
OLDCOLEPARK,HONEYWELL,2
OLDOAK,HOLLOWTREE,2
OLDOAK,NEEDLES,2
OLDOAK,XMASTREE,2
OLDPONDDRAIN,BOXWOOD,2
OLDPONDDRAIN,CHERRIES,2
OLDPONDDRAIN,RABBIT,2
OLDPONDDRAIN,TAXUS,2
OLDPONDDRAIN,YEW,2
OPEN,ARTHURS,2
PARKMILL,ATCOMBEWEST,2
PARKMILL,WOODFARM,2
PEGLARS,TOP,2
POPLAR,BOG,2
POPLAR,TRACKSIDE,2
POPLAR,YEW,2
QUARRY,HOLLOWTREE,2
RABBIT,BREAKHEART,2
RABBIT,SYCAMORE,2
RUSTYTRAP,LAURELS,2
RUSTYTRAP,OLDPONDDRAIN,2
RUSTYTRAP,RUSTYTRAP,2
SAPLING,TAXUS,2
SEPTICTANK,BREAKHEART,2
SEPTICTANK,BULLPEN,2
SEPTICTANK,RABBIT,2
SEPTICTANK,TOP,2
TAXUS,HUNTINGGATE,2
TAXUS,LAURELS,2
TAXUS,SAPLING,2
THICKET,JACKSMIREY,2
THISTLEWOODBANK,EARTH,2
THISTLEWOODBANK,JACKSMIREY,2
THISTLEWOODBANK,TAXUS,2
THISTLEWOODBANK,YEW,2
TODDS,JACKSMIREY,2
TOPOAK,NETTLE,2
TOPOAK,POPLAR,2
TOPOAK,TRACKSIDE,2
TRACKSIDE,NETTLE,2
TRACKSIDE,OAKPILE,2
WEST,BOXER,2
WEST,CHESNUT,2
WEST,JACOBS,2
WINDFALL,PEGLARS,2
WINDSOREDGE,COLLIERSWOOD,2
WINDSOREDGE,PARKMILL,2
WOODFARM,FORK,2
WOODFARM,HOPPER,2
WOODRUSH,HOGARTHS,2
WYCHELM,NEEDLES,2
WYCHELM,PONTINS,2
YEW,ASHTREE,2
YEW,DEN,2
YEW,HEDGE,2
YEW,OLDPONDDRAIN,2
YEW,WEST,2
ARTHURS,GULLY,1
ARTHURS,HONEYWELL,1
ARTHURS,LARCH,1
ARTHURS,OLDPONDDRAIN,1
ARTHURS,PEGLARS,1
ARTHURS,WASPNEST,1
ASHTREE,TAXUS,1
ASHTREE,YEW,1
ATCOMBECORNER,BOUNDARYCOURT,1
ATCOMBECORNER,NETTLE,1
ATCOMBECORNER,OLDOAK,1
ATCOMBECORNER,PRIORY,1
ATCOMBEWEST,BOUNDARY,1
ATCOMBEWEST,DAM,1
ATCOMBEWEST,HOLLOWTREE,1
BAMBOO,BOUNDARYCOURT,1
BAMBOO,PARKMILL,1
BANK,JUNCTION,1
BANK,LARCH,1
BEECH,ARTHURS,1
BEECH,BRACKEN,1
BEECH,COLEPARK,1
BEECH,HEDGE,1
BEECH,HUNTINGGATE,1
BEECH,LAURELS,1
BEECH,MEAD,1
BEECH,SEPTICTANK,1
BEECH,THISTLEWOODBANK,1
BENCH,BOXER,1
BENCH,CEDAR,1
BEND,BEND,1
BEND,BREAKHEART,1
BOG,TOP,1
BOG,WYCHELM,1
BOUNDARY,ATCOMBEWEST,1
BOUNDARYCOURT,DINGLE,1
BOUNDARYCOURT,HONEYWELL,1
BOX,ARTHURS,1
BOX,BRACKEN,1
BOX,BULLPEN,1
BOX,CARTON,1
BOX,CEDAR,1
BOX,COMPLEX,1
BOX,JACKSMIREY,1
BOX,JACOBS,1
BOX,KENNEL,1
BOX,MANSION,1
BOXWOOD,DAM,1
BOXWOOD,FERN,1
BOXWOOD,LEBANON,1
BOXWOOD,RABBIT,1
BOXWOOD,SEPTICTANK,1
BOXWOOD,SYCAMORE,1
BOXWOOD,YEW,1
BRACKEN,BEECH,1
BRACKEN,BOXWOOD,1
BRACKEN,BRACKEN,1
BRACKEN,FERN,1
BRACKEN,HONEYWELL,1
BRACKEN,LAURELS,1
BRACKEN,THISTLEWOODBANK,1
BRAMBLE,BANK,1
BREAKHEART,BULLPEN,1
BREAKHEART,CEDAR,1
BREAKHEART,CHAIN,1
BREAKHEART,FOX,1
BREAKHEART,LAURELS,1
BREAKHEART,SYCAMORE,1
BUCKHOLT,BUCKHOLT,1
BULLPEN,BEECH,1
BULLPEN,BRACKEN,1
BULLPEN,CHAIN,1
BULLPEN,OLDPONDDRAIN,1
BUNGALOW,BAMBOO,1
BUNGALOW,HOGARTHS,1
BUNGALOW,OLDOAK,1
BUSH,OPEN,1
CARPARK,CORRAL,1
CARTON,BOX,1
CEDAR,BENCH,1
CEDAR,CHESNUT,1
CEDAR,LARCH,1
CEDAR,MEAD,1
CHAIN,COLEPARK,1
CHAIN,TRACKSIDE,1
CHERRIES,WYCHELM,1
CHESNUT,ARTHURS,1
CHESNUT,CORRAL,1
CHESNUT,THISTLEWOODBANK,1
CLAY,WASPNEST,1
COLEPARK,BEECH,1
COLEPARK,BREAKHEART,1
COLEPARK,BULLPEN,1
COLEPARK,KENNEL,1
COLEPARK,OLDPONDDRAIN,1
COLEPARK,POPLAR,1
COLEPARK,TOPOAK,1
COLEPARK,WOODMANS,1
COLLIERSWOOD,DAM,1
COLLIERSWOOD,TOP,1
COMPLEX,BOX,1
COMPLEX,LARCH,1
CORRAL,BENCH,1
CULDESAC,WYCHELM,1
DAM,COLLIERSWOOD,1
DAM,PARKMILL,1
DARKWOOD,BAMBOO,1
DINGLE,BOUNDARYCOURT,1
DINGLE,LISTERS,1
DINGLE,STREAM,1
DINGLE,TOPOAK,1
DINGLE,WINDSOREDGE,1
DOLINE,NEEDLES,1
DOLINE,WYCHELM,1
EARTH,JUNCTION,1
EARTH,OPEN,1
FERN,BREAKHEART,1
FERN,CEDAR,1
FERN,HUNTINGGATE,1
FERN,SEPTICTANK,1
FOREST,NETTLE,1
FORK,KENNEL,1
FORK,WOODFARM,1
FORK,WOODMANS,1
FOX,BOX,1
FOX,BOXWOOD,1
GIANTBEECH,HONEYWELL,1
GROUNDSTUMP,LARCH,1
HEDGE,BEECH,1
HEDGE,FIELDFARM,1
HEDGE,LAURELS,1
HEDGE,OPEN,1
HEDGE,SAPLING,1
HEDGE,TAXUS,1
HEDGE,YEW,1
HOGARTHS,OLDOAK,1
HOLLOWTREE,LINSEED,1
HOLLOWTREE,PARKMILL,1
HOLLOWTREE,QUARRY,1
HOLLOWTREE,SCOTLANDBANK,1
HOLLOWTREE,TRACKSIDE,1
HOLLYWOOD,FIELDFARM,1
HONEYWELL,BOXWOOD,1
HONEYWELL,LAURELS,1
HONEYWELL,OLDCOLEPARK,1
HONEYWELL,TRACKSIDE,1
HONEYWELL,WINDSOREDGE,1
HUNTINGGATE,FERN,1
HUNTINGGATE,OLDPONDDRAIN,1
HUNTINGGATE,RABBIT,1
HUNTINGGATE,RUSTYTRAP,1
HUNTINGGATE,TAXUS,1
HUNTINGGATE,WEST,1
HUNTINGGATE,YEW,1
HURDLES,NETTLE,1
INCHBROOK,ATCOMBEWEST,1
INCHBROOK,HOPPER,1
INCHBROOK,PRIORY,1
INCHBROOK,WOODFARM,1
JACKSMIREY,BUSH,1
JACKSMIREY,CLAY,1
JACKSMIREY,LARCH,1
JACKSMIREY,LAURELS,1
JACKSMIREY,THISTLEWOODBANK,1
JACOBS,BENCH,1
JACOBS,BOX,1
JUNCTION,BEECH,1
JUNCTION,HEDGE,1
JUNCTION,POPLAR,1
KENNEL,CHERRIES,1
KENNEL,COLLIERSWOOD,1
KENNEL,HOLLOWTREE,1
KENNEL,PARKMILL,1
KENNEL,TOPOAK,1
KENNEL,WOODMANS,1
LARCH,ARTHURS,1
LARCH,BOG,1
LARCH,CORRAL,1
LARCH,FORK,1
LARCH,GROUNDSTUMP,1
LARCH,MEAD,1
LARCH,NEWFENCE,1
LARCH,RABBIT,1
LARCH,WYCHELM,1
LAURELS,BEECH,1
LAURELS,BOX,1
LAURELS,BULLPEN,1
LAURELS,NEWFENCE,1
LAURELS,TAXUS,1
LINSEED,LINSEED,1
LINSEED,QUARRY,1
LINSEED,TOPOAK,1
LISTERS,BAMBOO,1
LISTERS,CARPARK,1
LISTERS,DINGLE,1
LISTERS,WOODFARM,1
MAID,NEEDLES,1
MAID,TOP,1
MAID,TRACKSIDE,1
MANSION,LARCH,1
MEAD,CHESNUT,1
MEAD,JUNCTION,1
MEAD,LARCH,1
MEAD,THISTLEWOODBANK,1
MEAD,TIP,1
MEAD,WEST,1
NEEDLES,COLEPARK,1
NEEDLES,CULDESAC,1
NEEDLES,OLDOAK,1
NEEDLES,POPLAR,1
NEEDLES,YEW,1
NETTLE,COLEPARK,1
NETTLE,HURDLES,1
NETTLE,JACKSMIREY,1
NETTLE,TAXUS,1
OAKPILE,HONEYWELL,1
OAKPILE,TRACKSIDE,1
OLDCOLEPARK,BREAKHEART,1
OLDCOLEPARK,WYCHELM,1
OLDOAK,BUNGALOW,1
OLDOAK,COLEPARK,1
OLDOAK,HONEYWELL,1
OLDOAK,LINSEED,1
OLDOAK,OLDCOLEPARK,1
OLDOAK,POPLAR,1
OLDOAK,WYCHELM,1
OLDPONDDRAIN,ARTHURS,1
OLDPONDDRAIN,BEECH,1
OLDPONDDRAIN,BRACKEN,1
OLDPONDDRAIN,HONEYWELL,1
OLDPONDDRAIN,HUNTINGGATE,1
PARKMILL,ATCOMBECORNER,1
PARKMILL,BAMBOO,1
PARKMILL,BRAMBLE,1
PARKMILL,COLLIERSWOOD,1
PARKMILL,DAM,1
PARKMILL,HOLLOWTREE,1
PARKMILL,RABBIT,1
PEGLARS,ARTHURS,1
PEGLARS,WINDFALL,1
PEGLARS,WOODRUSH,1
PEGLARS,WYCHELM,1
PONTINS,POPLAR,1
PONTINS,WYCHELM,1
POPLAR,HONEYWELL,1
POPLAR,OLDCOLEPARK,1
POPLAR,OLDOAK,1
POPLAR,STONEYTRACK,1
PYLON,PYLON,1
QUARRY,DAM,1
QUARRY,LINSEED,1
QUARRY,NETTLE,1
RABBIT,BEECH,1
RABBIT,BRACKEN,1
RABBIT,CHESNUT,1
RABBIT,PARKMILL,1
RABBIT,SEPTICTANK,1
RUSTYTRAP,SEPTICTANK,1
SAPLING,HEDGE,1
SAPLING,YEW,1
SCOTLANDBANK,BRAMBLE,1
SCOTLANDBANK,DAM,1
SCOTLANDBANK,NETTLE,1
SCOTLANDBANK,WINDSOREDGE,1
SCRUB,SCRUB,1
SEPTICTANK,BEECH,1
SEPTICTANK,CHAIN,1
SEPTICTANK,CHESNUT,1
SEPTICTANK,HONEYWELL,1
SEPTICTANK,LARCH,1
SEPTICTANK,POPLAR,1
SEPTICTANK,RUSTYTRAP,1
SEPTICTANK,TAXUS,1
SEPTICTANK,THISTLEWOODBANK,1
STONEYTRACK,YEW,1
STREAM,DINGLE,1
STREAM,JACKSMIREY,1
SYCAMORE,BOXWOOD,1
TAXUS,ASHTREE,1
TAXUS,BEECH,1
TAXUS,BRAMBLE,1
TAXUS,CEDAR,1
TAXUS,COLEPARK,1
TAXUS,HEDGE,1
TAXUS,HONEYWELL,1
TAXUS,OLDOAK,1
TAXUS,TRACKSIDE,1
THISTLEWOODBANK,BANK,1
THISTLEWOODBANK,BUSH,1
THISTLEWOODBANK,CHESNUT,1
TIP,ARTHURS,1
TIP,BRAMBLE,1
TIP,JUNCTION,1
TIP,WEST,1
TODDS,MEAD,1
TODDS,TODDS,1
TOP,BOG,1
TOP,FORK,1
TOP,HEDGE,1
TOP,HOLLOWTREE,1
TOP,PEGLARS,1
TOP,PONTINS,1
TOP,WOODRUSH,1
TOPOAK,ATCOMBEWEST,1
TOPOAK,BAMBOO,1
TOPOAK,CULDESAC,1
TOPOAK,KENNEL,1
TOPOAK,TOP,1
TOPOAK,WOODMANS,1
TOPOAK,XMASTREE,1
TRACKSIDE,HOLLOWTREE,1
TRACKSIDE,HONEYWELL,1
TRACKSIDE,MAID,1
TRACKSIDE,POPLAR,1
TRACKSIDE,TOPOAK,1
TRACKSIDE,WYCHELM,1
UTES,TAXUS,1
WALL,NETTLE,1
WALL,OLDOAK,1
WALL,WALL,1
WATERBUTT,BEECH,1
WEST,HUNTINGGATE,1
WEST,MEAD,1
WEST,POPLAR,1
WEST,SPUR,1
WEST,WINDSOREDGE,1
WEST,YEW,1
WINDFALL,PONTINS,1
WINDSOREDGE,BOX,1
WINDSOREDGE,HONEYWELL,1
WINDSOREDGE,SCOTLANDBANK,1
WINDSOREDGE,WEST,1
WOODFARM,INCHBROOK,1
WOODMANS,HONEYWELL,1
WOODMANS,KENNEL,1
WOODMANS,WOODMANS,1
WOODMANS,WOODRUSH,1
WOODRUSH,PEGLARS,1
WOODRUSH,SCRUB,1
WYCHELM,BEECH,1
WYCHELM,BOG,1
WYCHELM,COLEPARK,1
WYCHELM,FORK,1
WYCHELM,JUNCTION,1
WYCHELM,OLDOAK,1
WYCHELM,PEGLARS,1
WYCHELM,TOPOAK,1
WYCHELM,TRACKSIDE,1
YEW,BEECH,1
YEW,BRACKEN,1
YEW,CHESNUT,1
YEW,JUNCTION,1
YEW,KENNEL,1
