sett,n,True_Sett_Name
WEST,758,
YEW,610,
JACKS,605,
WOOD FARM,570,
HEDGE,568,
BOX,547,
PARK MILL,517,
INCHBROOK,491,
ARTHURS,482,
PEGLARS,474,
KENNEL,467,
WINDSOR EDGE,433,
LARCH,416,
OLD OAK,408,
COLLIERS WOOD,381,
BEECH,379,
TOP SETT,358,
FIELD FARM,318,
TAXUS,298,
THISTLE WOOD BANK,271,
TOP,254,
HONEYWELL,253,
NETTLE,251,
LAURELS,238,
WOODRUSH,237,
CEDAR,234,
WYCH ELM,230,
JUNCTION,229,
CHESTNUT,227,
SEPTIC TANK,213,
COLE PARK,192,
DINGLE,190,
BOXWOOD,183,
BUNGALOW,178,
BAMBOO,174,
RABBIT,165,
ATCOMBE WEST,156,
POPLAR,155,
MEAD,153,
HOLLYWOOD,151,
FORK,140,
TOP OAK,130,
ATCOMBE CORNER,120,
DARK WOOD,116,
OLD POND DRAIN,101,
WHITINGS BEECH,87,
SCOTLAND BANK,77,
BENCH,70,
TRACKSIDE,68,
BOG,59,
OPEN,58,
TWIN ASH,56,
HOGARTHS,52,
BREAKHEART,50,
BOUNDARY COURT,48,
MANSION,47,
HOLLOW TREE,45,
LISTERS,45,
HUNTING GATE,43,
CORRAL,41,
DAM,40,
RASPBERRY,40,
STREAM,39,
CHAIN,38,
NEEDLES,35,
BANK,34,
WOOD EDGE,32,
BRAMBLE,31,
BULL PEN,29,
HOPPER,28,
TINKLEY LANE,28,
BRACKEN,25,
GULLEY,25,
CHERRIES,24,
FOX,23,
GATE,22,
PRIORY,22,
CUL-DE-SAC,20,
DOLINE,20,
GIANT BEECH,20,
OLD COLE PARK,19,
SINGLE,17,
WALL,16,
BEND,15,
SYCAMORE,15,
FERN,14,
CAR PARK,13,
LINSEED,13,
PONTINS,13,
SCARHILL,13,
BUCKHOLT,12,
NEW FENCE,12,
UPPER,12,
OAK PILE,11,
MAID,10,
WOODMANS,10,
SANDY,9,
SAPLING,9,
STONEWALL,9,
GRAVEL PIT,8,
LAGGER LANE,8,
RUSTY TRAP,8,
TODDS,8,
WASP NEST,8,
EARTH,7,
MICHAELS,7,
TIP,7,
TOWER GULLEY,7,
WINDFALL,7,
BOXER,6,
DINGLE VALLEY,6,
JACOBS,6,
QUARRY,6,
CLIFF,5,
DEN,5,
PYLON,5,
THIRD PASTURE,5,
XMAS TREE,5,
833032,4,
BEECH OUTLIER,4,
BUSH,4,
FIELD WALL,4,
GLIDER FIELD,4,
GRAVEL,4,
SCRUB,4,
SELSLEY COMMON,4,
VILLIERS LOWER,4,
ASH TREE,3,
HAZEL,3,
HOUSE,3,
LODGE GROUND,3,
PARK-EDGE,3,
PLAIN EIGHT,3,
RAVINE,3,
S PEGLARS,3,
STONESHARD WOOD,3,
VILLIERS UPPER,3,
VINE,3,
WEST MAIN,3,
3RD PASTURE WEST MID,2,
799015,2,
818004,2,
818022,2,
824003,2,
A46 EGYPT MILLS,2,
ARTHURS BEECH,2,
B4066 NR.PLATFORDS,2,
BARN,2,
BLACKBERRY,2,
BOUNDARY STONE,2,
BOWNHILL FARM,2,
COMPLEX,2,
CONTROL - ULEY,2,
DINGLE VALLEY ULEY,2,
FARMPIECE 5,2,
FOXCUB,2,
GATCOMBE PARK,2,
HOME GROUND OUTLIER,2,
MIKES MID PADDOCK 35,2,
NAILSWORTH TEAM,2,
NORTH,2,
OLD BYRE,2,
OS 807000,2,
OUT,2,
RANGE,2,
ROAD GROUND 34,2,
SPRUCE,2,
STONEY TRACK,2,
THICKET,2,
TINKLEY OUTLIER,2,
TRACK BELOW NETTLE,2,
WOOD WALL,2,
3RD PASTURE EAST MID,1,
792019,1,
795006 FRO'STER HILL,1,
796 013 ON LANE,1,
797 016,1,
797017 (B4066),1,
798008 ST ANTHONYS,1,
79850175 BUCKHOLT WD,1,
799000,1,
799002 COCKADILLY,1,
799004,1,
800 018,1,
801018,1,
801791 COCKADILLY,1,
802 005,1,
802008,1,
802008 - LADIES PC,1,
804000,1,
804008,1,
804995,1,
805008,1,
805997,1,
806993,1,
807008 TINKLEY LANE,1,
807019,1,
808011,1,
810022 GLIDING CLUB,1,
810997,1,
811007,1,
812003,1,
812007,1,
812017 N OF BULL PEN,1,
813002 (B4066),1,
813022,1,
814020 LONGWOOD FM,1,
815006 - PLAIN 12,1,
815021,1,
816 005,1,
817004 TINKLEY LANE,1,
817021,1,
822002,1,
822003,1,
822003 TINKLEY LANE,1,
823023,1,
824024,1,
825002,1,
825008,1,
827002,1,
827026,1,
828019 BOWNHILL FM,1,
828025,1,
830028,1,
833028,1,
833033,1,
833034,1,
834001 FOREST GREEN,1,
834028,1,
836001,1,
836008,1,
83630165,1,
837 002,1,
837002,1,
837009,1,
838002,1,
838029,1,
83900115,1,
839035,1,
841016,1,
841032,1,
842007,1,
842018,1,
844005,1,
846002,1,
847001,1,
848000 A46,1,
849 992,1,
849997,1,
849997 FIRE STATION,1,
850997,1,
A 46 OS 841016,1,
A46 843 026,1,
A46 AMBERLEY JUNCT,1,
A46 LAKESIDE GARAGE,1,
A46 NAILS/GARAGE,1,
A46 PIANO WORKS,1,
A46 PIANO WORKS NW,1,
A46 R D S NAILSWORTH,1,
A46 ROOKSMOOR MILLS,1,
A46 SO 841017,1,
ABOVE HOGARTHS SETT,1,
ABOVE OPEN,1,
ATCOMBE MID,1,
B4066,1,
B4066 OS 825024,1,
B4066 OS811022,1,
B4066 SCARHILL 28,1,
B4066 SO 812023,1,
B4066 TOWER FIELD 4,1,
BATH RD NYMPSFIELD,1,
BDY RUN NEAR STREAM,1,
BEAR HILL / A46,1,
BEAR HILL 848177,1,
BELOW FORK SETT,1,
BELOW MAIN SETT,1,
BELOW PARK MILL SETT,1,
BLUEBOYS CORNER,1,
BOAT HOUSE 819014,1,
BOC OUTLIER,1,
BOUNDARY,1,
BOWN HILL BARN,1,
BOWNHILL ?,1,
BOWNHILL SUMMER HSE,1,
BRIAR OUTLIER,1,
CARTON,1,
CEDAR BANK,1,
CLAY TRAP OUTLIER,1,
COALEY,1,
COALEY SETT,1,
COCKADILLY,1,
COMPOST HEAP,1,
CONVENT SHED,1,
COTTAGE FIELD 30,1,
COURT FARM,1,
COW LANE,1,
COW PARK NO TWO 21,1,
COW PARK TWO 18,1,
DAM OUTLIER,1,
DAVIDS LANE,1,
DINGLE FARM,1,
DINGLE WOOD,1,
DRAIN,1,
ELDER OUTLIER,1,
ELM OUTLIER,1,
ELMCOTTE FARM,1,
EVERGREEN,1,
FAR EAST,1,
FARMPIECE,1,
FARMPIECE 4,1,
FARMPIECE 6,1,
FARMPIECE MID,1,
FENCE,1,
FOREST,1,
FORESTGREEN CEMETERY,1,
FROCESTER FAIR,1,
FROCESTER HILL,1,
GLIDER FIELD 23,1,
GLIDER FIELD MIDDLE,1,
GLIDER FIELD ROAD,1,
GLIDING FD. ROAD,1,
GROUNDSTUMP,1,
GRUB GROUND 4,1,
HAWTHORN OUTLIER,1,
HOLPINS STREAM,1,
HOME GROUND 19,1,
HOME GROUND 27,1,
HONEYWELL WEST BANK,1,
HORSLEY QUARRY,1,
HURDLES,1,
IN LEEWOOD HOUSE DOG KENNEL,1,
ISLAND,1,
JACK M BARN,1,
JACKS BARN,1,
JACKS FARMYARD,1,
JONES FM DINGLE,1,
JONES FM ULEY,1,
KINGS STANLEY,1,
KINGSHILL DURSLEY,1,
LEBANON,1,
LEG OF MUTTON 35,1,
LEG OF MUTTON MID,1,
LYNCH KNOLL,1,
MARMONTSFLAT WOOD 27,1,
MIDDLE HORSE GROUND,1,
MIDDLE POND DAM STH,1,
MIKES BIG FIELD 1,1,
MIKES BIG FIELD 2,1,
MIKES SPRINGFIELD 12,1,
MIKES SPRINGFIELD 3,1,
MINIS OUTLIER,1,
MRS MACKS,1,
MUTTERHALL FARM ULEY,1,
NORTON WOOD,1,
NOT RECEIVED,1,
NR. GLIDING CLUB,1,
NR.FIELD FARM SETT,1,
NYMPSFIELD VILLAGE,1,
O.S. 836027,1,
O.S.791023,1,
O.S.794005,1,
O.S.812016,1,
O.S.822003,1,
O.S.826002,1,
O.S.829002,1,
OAK,1,
OAK TREE,1,
OLD COLLIERS WOOD,1,
OPEN BANK BOUNDARY,1,
OS 792022,1,
OS 795005 ULEY,1,
OS 797004,1,
OS 805995,1,
OS 806008,1,
OS 821003,1,
OS 829019,1,
OS 829021,1,
OS 830002,1,
OS 833007,1,
OS 840034,1,
OS 844020,1,
OS REF 825000,1,
OS813006,1,
OS839001,1,
PEN,1,
PHILPOTTS FM,1,
PLAIN 12,1,
PLAIN 8 2,1,
PLAIN 8 MIDDLE,1,
PLANE 12 11,1,
PLANE 12 MIDDLE,1,
PLANE 8 9,1,
PLANE 8 MIDDLE,1,
PLANE TWELVE 35,1,
PLANE TWENTY 17,1,
PLANE TWENTY 18,1,
PLATFORDS 18 ACRE 19,1,
PLATFORDS 18 ACRE 33,1,
PLATFORDS ROAD GATE,1,
PLATFORDS SE,1,
PLATFORDS SE 19,1,
PLATFORDS SE 9,1,
PLAYING FIELD 9,1,
PONTINS PLANTATION,1,
PRIVATE GARDEN,1,
QUARRY FIELD 18,1,
QUARRY PADDOCK MID,1,
REGS GARDEN,1,
ROAD GROUND,1,
ROAD GROUND 28,1,
ROAD GROUND 33,1,
RODBOROUGH BEAR HILL,1,
ROLL-ALONG,1,
ROOKSMOOR ST 843032,1,
ROUGH GROUND 31,1,
ROUGHGROUND 1,1,
RUN ABOVE BULL PEN,1,
RYEFORD OS814045,1,
S OF CHATTY CORNER,1,
S. WOODCHESTER,1,
SECOND PASTURE 36,1,
SECOND PASTURE 4,1,
SECOND PASTURE 7,1,
SECOND PASTURE 9,1,
SECOND PASTURE MID,1,
SELSEY BELL INN,1,
SHEEPSCOTE TINKLEY,1,
SO 798005,1,
SO 805994,1,
SO 809989,1,
SO 811022,1,
SO 836019,1,
SO 843028,1,
SO 845000,1,
SO807019,1,
SOUTHFIELD ROAD NW,1,
SPRINGFIELD 5,1,
SPUR,1,
ST 794 997,1,
ST 798 988,1,
ST 844027,1,
ST ANTHONYS 34,1,
ST ANTHONYS 9,1,
ST770978,1,
STANLEY WOOD,1,
STUMP,1,
SU062988-NOT TRUE MOVE,1,
T/LANE OS808007,1,
THIRD PASTURE 02,1,
THIRD PASTURE 2,1,
THIRD PASTURE 32,1,
THIRD PASTURE MIDDLE,1,
THRUPP SO 826038,1,
TINKELY LANE,1,
TINKLEY 831 001,1,
TINKLEY BUTTON GD 19,1,
TINKLEY COWTRELL 4,1,
TINKLEY LANE 830001,1,
TINKLEY LANE 832001,1,
TINKLEY LANE ?,1,
TINKLEY LANE820003,1,
TINKLEY LODGE FD 30,1,
TINKLEY LODGE FD 36,1,
TINKLEY LODGE GD 19,1,
TINKLEY LYNCH KNOLL,1,
TINKLEY MEAD 2,1,
TINKLEY MEAD 3,1,
TINKLEY PLAY FIELD,1,
TINKLEY PLAYING FDS,1,
TINKLEY POSSIBLY,1,
TINKLEY/L OS817004,1,
TINKLEY/LN OS802007,1,
TOWER,1,
TOWER CORNER,1,
TOWER25,1,
TRACK BY LOWER SETT,1,
TRACK BY PARKMILL PD,1,
TRACK TO BOWNHILL FM,1,
TURNING,1,
ULEY - REMOVAL,1,
ULEY BURY,1,
UNKNOWN,1,
UPPER LUTHERIDGE FM,1,
UTES,1,
WATERBUTT,1,
WEST BANK,1,
WEST MARMON RD,1,
WOOD PARK FIELD 23,1,
WOODCOCK,1,
WOODCOCK FM 805 990,1,
WOODLEAZE,1,
WOODLEAZE MIDDLE,1,
WOOLDRIDGES BARN,1,
WP FIELD 23,1,
WYCH ELM FD MIDDLE,1,
