audit_year,audit_socg,observed_badgers
1976,BEECH,3
1976,CEDAR,2
1976,HONEYWELL,1
1976,TOP,3
1976,WEST,1
1976,YEW,2
1977,ARTHURS,9
1977,BEECH,4
1977,CEDAR,4
1977,HONEYWELL,1
1977,JUNCTION,4
1977,LARCH,3
1977,SEPTICTANK,1
1977,TOP,2
1977,WEST,3
1977,YEW,11
1978,ARTHURS,9
1978,ATCOMBEWEST,1
1978,BAMBOO,1
1978,BEECH,6
1978,BOUNDARYCOURT,10
1978,BUNGALOW,4
1978,CEDAR,1
1978,COLEPARK,1
1978,COLLIERSWOOD,4
1978,DARKWOOD,2
1978,DINGLE,5
1978,HEDGE,1
1978,HONEYWELL,3
1978,INCHBROOK,5
1978,JUNCTION,8
1978,KENNEL,6
1978,LARCH,6
1978,NETTLE,3
1978,OLDOAK,3
1978,PEGLARS,2
1978,STREAM,4
1978,TOP,8
1978,WEST,3
1978,WINDSOREDGE,2
1978,WOODFARM,3
1978,YEW,10
1979,ARTHURS,9
1979,BAMBOO,3
1979,BEECH,4
1979,BOUNDARYCOURT,5
1979,BUNGALOW,3
1979,CEDAR,2
1979,COLEPARK,9
1979,COLLIERSWOOD,2
1979,DARKWOOD,3
1979,DINGLE,6
1979,HEDGE,2
1979,HONEYWELL,5
1979,INCHBROOK,4
1979,JUNCTION,7
1979,KENNEL,4
1979,LARCH,7
1979,LISTERS,2
1979,NETTLE,3
1979,OLDOAK,9
1979,PARKMILL,2
1979,PEGLARS,2
1979,SEPTICTANK,1
1979,TOP,12
1979,WEST,3
1979,WINDSOREDGE,5
1979,WOODFARM,1
1979,YEW,9
1980,ARTHURS,8
1980,BAMBOO,7
1980,BEECH,6
1980,BOUNDARYCOURT,1
1980,BUNGALOW,3
1980,CEDAR,1
1980,COLEPARK,3
1980,COLLIERSWOOD,1
1980,DARKWOOD,1
1980,DINGLE,1
1980,HEDGE,4
1980,HONEYWELL,3
1980,JUNCTION,4
1980,KENNEL,3
1980,LARCH,5
1980,NETTLE,2
1980,OLDOAK,6
1980,OUTSIDE,2
1980,PARKMILL,2
1980,SEPTICTANK,5
1980,TOP,7
1980,WEST,8
1980,WINDSOREDGE,3
1980,WOODFARM,2
1980,YEW,10
1981,ARTHURS,12
1981,BAMBOO,1
1981,BEECH,3
1981,CEDAR,3
1981,COLEPARK,5
1981,COLLIERSWOOD,3
1981,DARKWOOD,1
1981,HEDGE,5
1981,HONEYWELL,5
1981,INCHBROOK,2
1981,JUNCTION,8
1981,KENNEL,6
1981,LARCH,6
1981,LISTERS,1
1981,NETTLE,1
1981,OLDOAK,5
1981,PARKMILL,1
1981,PEGLARS,2
1981,SEPTICTANK,10
1981,TOP,8
1981,WEST,9
1981,WINDSOREDGE,5
1981,YEW,9
1982,ARTHURS,10
1982,ATCOMBECORNER,1
1982,ATCOMBEWEST,2
1982,BAMBOO,2
1982,BEECH,3
1982,BUNGALOW,1
1982,CEDAR,1
1982,COLEPARK,2
1982,COLLIERSWOOD,1
1982,DARKWOOD,1
1982,DINGLE,1
1982,HEDGE,5
1982,INCHBROOK,2
1982,JACKSMIREY,7
1982,JUNCTION,4
1982,KENNEL,5
1982,LARCH,8
1982,OLDOAK,5
1982,OUTSIDE,3
1982,PARKMILL,1
1982,PEGLARS,3
1982,SEPTICTANK,7
1982,STREAM,1
1982,TOP,5
1982,WEST,9
1982,WINDSOREDGE,8
1982,WOODFARM,2
1982,YEW,11
1983,ARTHURS,8
1983,ATCOMBECORNER,4
1983,ATCOMBEWEST,7
1983,BAMBOO,2
1983,BEECH,3
1983,BUNGALOW,1
1983,CEDAR,3
1983,COLEPARK,7
1983,COLLIERSWOOD,6
1983,DINGLE,1
1983,HEDGE,6
1983,HONEYWELL,1
1983,JACKSMIREY,9
1983,JUNCTION,5
1983,KENNEL,4
1983,LARCH,9
1983,LISTERS,3
1983,NETTLE,2
1983,OLDOAK,5
1983,OUTSIDE,4
1983,PARKMILL,3
1983,PEGLARS,11
1983,SEPTICTANK,9
1983,STREAM,3
1983,TOP,7
1983,WEST,9
1983,WINDSOREDGE,8
1983,YEW,12
1984,ARTHURS,10
1984,ATCOMBEWEST,7
1984,BAMBOO,3
1984,BEECH,3
1984,BUNGALOW,2
1984,CEDAR,1
1984,COLEPARK,5
1984,COLLIERSWOOD,7
1984,DARKWOOD,1
1984,FIELDFARM,6
1984,HEDGE,8
1984,JACKSMIREY,6
1984,JUNCTION,8
1984,KENNEL,8
1984,LARCH,9
1984,LISTERS,2
1984,NETTLE,5
1984,OLDOAK,6
1984,PARKMILL,2
1984,PEGLARS,10
1984,SEPTICTANK,9
1984,STREAM,3
1984,TOP,11
1984,WEST,9
1984,WINDSOREDGE,2
1984,WOODFARM,1
1984,YEW,20
1985,ARTHURS,12
1985,ATCOMBEWEST,3
1985,BAMBOO,3
1985,BEECH,7
1985,BOUNDARYCOURT,1
1985,BUNGALOW,3
1985,CEDAR,3
1985,COLEPARK,6
1985,COLLIERSWOOD,8
1985,FIELDFARM,4
1985,HEDGE,5
1985,INCHBROOK,2
1985,JACKSMIREY,4
1985,JUNCTION,9
1985,KENNEL,15
1985,LARCH,9
1985,NETTLE,5
1985,OLDOAK,6
1985,OUTSIDE,2
1985,PEGLARS,18
1985,PRIORY,1
1985,SEPTICTANK,11
1985,TOP,13
1985,WEST,9
1985,WOODFARM,2
1985,YEW,14
1986,ARTHURS,10
1986,ATCOMBECORNER,5
1986,ATCOMBEWEST,8
1986,BAMBOO,7
1986,BEECH,7
1986,BUNGALOW,7
1986,CEDAR,7
1986,COLEPARK,10
1986,COLLIERSWOOD,8
1986,DARKWOOD,5
1986,DINGLE,4
1986,FIELDFARM,2
1986,HEDGE,3
1986,HONEYWELL,4
1986,INCHBROOK,2
1986,JACKSMIREY,5
1986,JUNCTION,10
1986,KENNEL,10
1986,LARCH,9
1986,NETTLE,6
1986,OLDOAK,14
1986,OUTSIDE,8
1986,PARKMILL,3
1986,PEGLARS,23
1986,SEPTICTANK,13
1986,STREAM,1
1986,TOP,12
1986,WEST,5
1986,WINDSOREDGE,3
1986,WOODFARM,1
1986,YEW,9
1987,ARTHURS,12
1987,ATCOMBECORNER,11
1987,ATCOMBEWEST,4
1987,BAMBOO,4
1987,BEECH,5
1987,BOUNDARYCOURT,5
1987,BUNGALOW,4
1987,CEDAR,5
1987,COLEPARK,7
1987,COLLIERSWOOD,10
1987,DARKWOOD,1
1987,DINGLE,6
1987,FIELDFARM,3
1987,HEDGE,9
1987,HONEYWELL,2
1987,INCHBROOK,4
1987,JACKSMIREY,10
1987,JUNCTION,14
1987,KENNEL,7
1987,LARCH,10
1987,LISTERS,4
1987,NETTLE,2
1987,OLDOAK,8
1987,OUTSIDE,3
1987,PARKMILL,6
1987,PEGLARS,21
1987,SEPTICTANK,13
1987,STREAM,2
1987,TOP,12
1987,WEST,16
1987,WINDSOREDGE,6
1987,WOODFARM,1
1987,YEW,23
1988,ARTHURS,11
1988,ATCOMBECORNER,7
1988,ATCOMBEWEST,13
1988,BAMBOO,6
1988,BEECH,7
1988,BOUNDARYCOURT,4
1988,BUNGALOW,9
1988,CEDAR,4
1988,COLEPARK,9
1988,COLLIERSWOOD,13
1988,DARKWOOD,2
1988,DINGLE,11
1988,FIELDFARM,14
1988,HEDGE,10
1988,HOLLYWOOD,8
1988,HONEYWELL,2
1988,INCHBROOK,7
1988,JACKSMIREY,8
1988,JUNCTION,11
1988,KENNEL,16
1988,LARCH,15
1988,LISTERS,3
1988,NETTLE,8
1988,OLDOAK,5
1988,OUTSIDE,19
1988,PARKMILL,9
1988,PEGLARS,13
1988,SEPTICTANK,13
1988,STREAM,1
1988,TOP,10
1988,WEST,18
1988,WINDSOREDGE,8
1988,WOODFARM,4
1988,YEW,26
1989,ARTHURS,8
1989,ATCOMBECORNER,7
1989,ATCOMBEWEST,12
1989,BAMBOO,4
1989,BEECH,11
1989,BOUNDARYCOURT,3
1989,BUNGALOW,14
1989,CEDAR,7
1989,COLEPARK,8
1989,COLLIERSWOOD,11
1989,DARKWOOD,6
1989,DINGLE,13
1989,FIELDFARM,10
1989,HEDGE,17
1989,HOLLYWOOD,14
1989,HONEYWELL,1
1989,INCHBROOK,4
1989,JACKSMIREY,12
1989,JUNCTION,10
1989,KENNEL,12
1989,LARCH,19
1989,LISTERS,5
1989,NETTLE,6
1989,OLDOAK,17
1989,OUTSIDE,2
1989,PARKMILL,7
1989,PEGLARS,10
1989,SEPTICTANK,13
1989,STREAM,1
1989,TOP,9
1989,WEST,23
1989,WINDSOREDGE,6
1989,WOODFARM,8
1989,YEW,25
1990,ARTHURS,17
1990,ATCOMBECORNER,5
1990,ATCOMBEWEST,14
1990,BAMBOO,10
1990,BEECH,4
1990,BUNGALOW,18
1990,CEDAR,4
1990,COLEPARK,3
1990,COLLIERSWOOD,12
1990,DARKWOOD,3
1990,DINGLE,7
1990,FIELDFARM,10
1990,HEDGE,11
1990,HOGARTHS,12
1990,HOLLYWOOD,15
1990,HONEYWELL,1
1990,INCHBROOK,7
1990,JACKSMIREY,14
1990,JUNCTION,10
1990,KENNEL,13
1990,LARCH,14
1990,LISTERS,7
1990,NETTLE,3
1990,OLDOAK,8
1990,OUTSIDE,3
1990,PARKMILL,7
1990,PEGLARS,14
1990,PRIORY,3
1990,SEPTICTANK,13
1990,TOP,10
1990,WEST,20
1990,WINDSOREDGE,9
1990,WOODFARM,8
1990,WYCHELM,8
1990,YEW,14
1991,ARTHURS,21
1991,ATCOMBECORNER,8
1991,ATCOMBEWEST,10
1991,BAMBOO,15
1991,BEECH,8
1991,BOUNDARYCOURT,2
1991,BUNGALOW,16
1991,CEDAR,7
1991,COLEPARK,6
1991,COLLIERSWOOD,15
1991,DARKWOOD,9
1991,DINGLE,14
1991,FIELDFARM,12
1991,HEDGE,10
1991,HOGARTHS,7
1991,HOLLYWOOD,15
1991,HONEYWELL,4
1991,INCHBROOK,12
1991,JACKSMIREY,12
1991,JUNCTION,15
1991,KENNEL,15
1991,LARCH,24
1991,LISTERS,13
1991,NETTLE,2
1991,OLDOAK,15
1991,OUTSIDE,3
1991,PARKMILL,8
1991,PEGLARS,11
1991,SEPTICTANK,16
1991,STREAM,2
1991,TOP,11
1991,WEST,22
1991,WINDSOREDGE,5
1991,WOODFARM,10
1991,WYCHELM,5
1991,YEW,20
1992,ARTHURS,17
1992,ATCOMBECORNER,12
1992,ATCOMBEWEST,11
1992,BAMBOO,14
1992,BEECH,8
1992,BOUNDARYCOURT,7
1992,BUNGALOW,11
1992,CEDAR,8
1992,COLEPARK,7
1992,COLLIERSWOOD,14
1992,DARKWOOD,7
1992,DINGLE,11
1992,FIELDFARM,10
1992,HEDGE,11
1992,HOGARTHS,8
1992,HOLLYWOOD,10
1992,HONEYWELL,1
1992,INCHBROOK,9
1992,JACKSMIREY,12
1992,JUNCTION,10
1992,KENNEL,11
1992,LARCH,23
1992,LISTERS,8
1992,NETTLE,6
1992,OLDOAK,14
1992,OUTSIDE,1
1992,PARKMILL,8
1992,PEGLARS,12
1992,PRIORY,3
1992,SEPTICTANK,11
1992,TOP,15
1992,WEST,19
1992,WINDSOREDGE,10
1992,WOODFARM,11
1992,WYCHELM,5
1992,YEW,17
1993,ARTHURS,20
1993,ATCOMBECORNER,13
1993,ATCOMBEWEST,12
1993,BAMBOO,12
1993,BEECH,10
1993,BOUNDARYCOURT,5
1993,BUNGALOW,11
1993,CEDAR,16
1993,COLEPARK,4
1993,COLLIERSWOOD,19
1993,DARKWOOD,11
1993,DINGLE,18
1993,FIELDFARM,13
1993,HEDGE,16
1993,HOGARTHS,3
1993,HOLLYWOOD,11
1993,HONEYWELL,1
1993,INCHBROOK,11
1993,JACKSMIREY,15
1993,JUNCTION,4
1993,KENNEL,6
1993,LARCH,28
1993,LISTERS,10
1993,NETTLE,8
1993,OLDOAK,7
1993,OUTSIDE,4
1993,PARKMILL,13
1993,PEGLARS,13
1993,PRIORY,3
1993,SEPTICTANK,13
1993,STREAM,1
1993,TOP,12
1993,WEST,16
1993,WINDSOREDGE,8
1993,WOODFARM,12
1993,WYCHELM,8
1993,YEW,17
1994,ARTHURS,18
1994,ATCOMBECORNER,17
1994,ATCOMBEWEST,10
1994,BAMBOO,12
1994,BEECH,7
1994,BOUNDARYCOURT,8
1994,BUNGALOW,14
1994,CEDAR,11
1994,COLEPARK,5
1994,COLLIERSWOOD,12
1994,DARKWOOD,12
1994,DINGLE,16
1994,FIELDFARM,7
1994,HEDGE,15
1994,HOGARTHS,1
1994,HOLLYWOOD,10
1994,HONEYWELL,3
1994,INCHBROOK,6
1994,JACKSMIREY,16
1994,JUNCTION,6
1994,KENNEL,3
1994,LARCH,21
1994,LISTERS,10
1994,NETTLE,8
1994,OLDOAK,11
1994,OUTSIDE,1
1994,PARKMILL,10
1994,PEGLARS,15
1994,PRIORY,4
1994,SEPTICTANK,9
1994,TOP,13
1994,WEST,25
1994,WINDSOREDGE,6
1994,WOODFARM,12
1994,WYCHELM,9
1994,YEW,18
1995,ARTHURS,18
1995,ATCOMBECORNER,13
1995,ATCOMBEWEST,7
1995,BEECH,9
1995,BUNGALOW,2
1995,CEDAR,9
1995,COLEPARK,5
1995,COLLIERSWOOD,19
1995,DARKWOOD,3
1995,DINGLE,3
1995,FIELDFARM,9
1995,HEDGE,19
1995,HOLLYWOOD,1
1995,HONEYWELL,3
1995,INCHBROOK,7
1995,JACKSMIREY,8
1995,JUNCTION,10
1995,KENNEL,4
1995,LARCH,25
1995,NETTLE,7
1995,OLDOAK,13
1995,OUTSIDE,3
1995,PARKMILL,10
1995,PEGLARS,7
1995,SEPTICTANK,8
1995,TOP,8
1995,WEST,31
1995,WINDSOREDGE,8
1995,WOODFARM,13
1995,WYCHELM,15
1995,YEW,6
1996,ARTHURS,16
1996,ATCOMBECORNER,10
1996,ATCOMBEWEST,6
1996,BEECH,5
1996,BUNGALOW,1
1996,CEDAR,8
1996,COLEPARK,8
1996,COLLIERSWOOD,15
1996,DARKWOOD,1
1996,FIELDFARM,10
1996,HEDGE,14
1996,HONEYWELL,4
1996,INCHBROOK,12
1996,JACKSMIREY,13
1996,JUNCTION,9
1996,KENNEL,6
1996,LARCH,19
1996,NETTLE,6
1996,OLDOAK,10
1996,OUTSIDE,3
1996,PARKMILL,10
1996,PEGLARS,10
1996,SEPTICTANK,11
1996,TOP,9
1996,WEST,14
1996,WINDSOREDGE,4
1996,WOODFARM,10
1996,WYCHELM,9
1996,YEW,9
1997,ARTHURS,15
1997,ATCOMBECORNER,12
1997,ATCOMBEWEST,8
1997,BEECH,12
1997,BUNGALOW,1
1997,CEDAR,5
1997,COLEPARK,7
1997,COLLIERSWOOD,6
1997,DARKWOOD,2
1997,FIELDFARM,10
1997,HEDGE,4
1997,HONEYWELL,5
1997,INCHBROOK,12
1997,JACKSMIREY,15
1997,JUNCTION,6
1997,KENNEL,5
1997,LARCH,16
1997,NETTLE,8
1997,OLDOAK,8
1997,OUTSIDE,1
1997,PARKMILL,15
1997,PEGLARS,12
1997,SEPTICTANK,10
1997,TOP,11
1997,WEST,10
1997,WINDSOREDGE,6
1997,WOODFARM,9
1997,WOODRUSH,7
1997,WYCHELM,6
1997,YEW,13
1998,ARTHURS,20
1998,BEECH,20
1998,CEDAR,12
1998,COLEPARK,9
1998,COLLIERSWOOD,9
1998,DINGLE,1
1998,FIELDFARM,12
1998,HEDGE,10
1998,HONEYWELL,5
1998,INCHBROOK,4
1998,JACKSMIREY,18
1998,JUNCTION,14
1998,KENNEL,3
1998,LARCH,26
1998,NETTLE,11
1998,OLDOAK,6
1998,OUTSIDE,4
1998,PARKMILL,18
1998,PEGLARS,8
1998,PONTINS,7
1998,SEPTICTANK,8
1998,TOP,12
1998,WEST,21
1998,WINDSOREDGE,7
1998,WOODFARM,10
1998,WOODRUSH,9
1998,WYCHELM,9
1998,YEW,20
1999,ARTHURS,24
1999,BEECH,17
1999,BREAKHEART,4
1999,CEDAR,15
1999,COLEPARK,6
1999,COLLIERSWOOD,12
1999,FIELDFARM,8
1999,HEDGE,25
1999,HONEYWELL,3
1999,INCHBROOK,13
1999,JACKSMIREY,17
1999,JUNCTION,10
1999,KENNEL,6
1999,LARCH,17
1999,LISTERS,1
1999,NETTLE,13
1999,OLDOAK,4
1999,PARKMILL,16
1999,PEGLARS,10
1999,PONTINS,7
1999,SEPTICTANK,10
1999,TOP,15
1999,WEST,20
1999,WINDSOREDGE,5
1999,WOODFARM,13
1999,WOODRUSH,12
1999,WYCHELM,10
1999,YEW,14
2000,ARTHURS,16
2000,BEECH,15
2000,BREAKHEART,8
2000,CEDAR,13
2000,COLEPARK,3
2000,COLLIERSWOOD,10
2000,FIELDFARM,12
2000,HEDGE,11
2000,HONEYWELL,1
2000,INCHBROOK,11
2000,JACKSMIREY,15
2000,JUNCTION,11
2000,KENNEL,11
2000,LARCH,9
2000,NETTLE,9
2000,OLDOAK,3
2000,PARKMILL,18
2000,PEGLARS,7
2000,PONTINS,12
2000,SEPTICTANK,11
2000,TOP,8
2000,WEST,16
2000,WINDSOREDGE,8
2000,WOODFARM,16
2000,WOODRUSH,9
2000,WYCHELM,12
2000,YEW,14
2001,ARTHURS,13
2001,BEECH,13
2001,BREAKHEART,12
2001,CEDAR,11
2001,COLEPARK,1
2001,COLLIERSWOOD,10
2001,FIELDFARM,4
2001,HEDGE,16
2001,HONEYWELL,2
2001,INCHBROOK,14
2001,JACKSMIREY,14
2001,JUNCTION,12
2001,KENNEL,8
2001,LARCH,7
2001,NETTLE,9
2001,OLDOAK,4
2001,PARKMILL,12
2001,PEGLARS,2
2001,PONTINS,11
2001,SEPTICTANK,9
2001,TOP,12
2001,WEST,20
2001,WINDSOREDGE,10
2001,WOODFARM,13
2001,WOODRUSH,10
2001,WYCHELM,4
2001,YEW,7
2002,ARTHURS,8
2002,BEECH,10
2002,BREAKHEART,7
2002,CEDAR,6
2002,COLEPARK,1
2002,COLLIERSWOOD,7
2002,FIELDFARM,8
2002,HEDGE,11
2002,HONEYWELL,3
2002,INCHBROOK,17
2002,JACKSMIREY,5
2002,JUNCTION,14
2002,KENNEL,4
2002,LARCH,7
2002,NETTLE,6
2002,OLDOAK,5
2002,PARKMILL,14
2002,PEGLARS,6
2002,PONTINS,9
2002,SEPTICTANK,8
2002,TOP,7
2002,WEST,18
2002,WINDSOREDGE,7
2002,WOODFARM,9
2002,WOODRUSH,3
2002,WYCHELM,6
2002,YEW,9
2003,ARTHURS,6
2003,BEECH,12
2003,BOUNDARYCOURT,3
2003,BREAKHEART,4
2003,CEDAR,9
2003,COLEPARK,3
2003,COLLIERSWOOD,5
2003,DINGLE,4
2003,FIELDFARM,8
2003,HEDGE,5
2003,HONEYWELL,2
2003,INCHBROOK,16
2003,JACKSMIREY,3
2003,JUNCTION,10
2003,KENNEL,3
2003,LARCH,17
2003,NETTLE,4
2003,OLDOAK,6
2003,PARKMILL,15
2003,PEGLARS,9
2003,PONTINS,1
2003,SEPTICTANK,9
2003,STREAM,2
2003,TOP,9
2003,WEST,16
2003,WINDSOREDGE,5
2003,WOODFARM,6
2003,WOODRUSH,3
2003,WYCHELM,3
2003,YEW,10
2004,ARTHURS,6
2004,BEECH,8
2004,BREAKHEART,5
2004,CEDAR,7
2004,COLEPARK,3
2004,COLLIERSWOOD,4
2004,FIELDFARM,9
2004,HEDGE,9
2004,HOGARTHS,2
2004,HONEYWELL,1
2004,INCHBROOK,10
2004,JACKSMIREY,3
2004,JUNCTION,12
2004,KENNEL,4
2004,LARCH,19
2004,NETTLE,5
2004,OLDOAK,8
2004,PARKMILL,9
2004,PEGLARS,9
2004,SEPTICTANK,6
2004,TOP,9
2004,WEST,10
2004,WINDSOREDGE,7
2004,WOODFARM,7
2004,WOODRUSH,4
2004,WYCHELM,5
2004,YEW,3
2005,ARTHURS,7
2005,BEECH,7
2005,BREAKHEART,11
2005,CEDAR,7
2005,COLEPARK,1
2005,COLLIERSWOOD,3
2005,HEDGE,13
2005,HOGARTHS,1
2005,HOLLYWOOD,11
2005,HONEYWELL,3
2005,INCHBROOK,11
2005,JACKSMIREY,4
2005,JUNCTION,16
2005,KENNEL,6
2005,LARCH,12
2005,NETTLE,9
2005,OLDOAK,9
2005,PARKMILL,15
2005,PEGLARS,7
2005,SEPTICTANK,8
2005,TOP,15
2005,WEST,17
2005,WINDSOREDGE,7
2005,WOODFARM,6
2005,WOODRUSH,3
2005,WYCHELM,4
2005,YEW,10
2006,ARTHURS,3
2006,BEECH,3
2006,BREAKHEART,7
2006,CEDAR,6
2006,COLEPARK,3
2006,COLLIERSWOOD,4
2006,HEDGE,9
2006,HONEYWELL,7
2006,INCHBROOK,11
2006,JACKSMIREY,6
2006,JUNCTION,13
2006,KENNEL,3
2006,LARCH,15
2006,NETTLE,10
2006,OLDOAK,8
2006,PARKMILL,11
2006,PEGLARS,7
2006,SEPTICTANK,4
2006,TOP,8
2006,WEST,14
2006,WINDSOREDGE,13
2006,WOODFARM,7
2006,WOODRUSH,1
2006,WYCHELM,6
2006,YEW,10
2007,ARTHURS,3
2007,BEECH,9
2007,BREAKHEART,4
2007,CEDAR,11
2007,COLLIERSWOOD,5
2007,HEDGE,13
2007,HONEYWELL,12
2007,INCHBROOK,9
2007,JACKSMIREY,10
2007,JUNCTION,10
2007,KENNEL,6
2007,LARCH,12
2007,NETTLE,12
2007,OLDOAK,5
2007,PARKMILL,14
2007,PEGLARS,6
2007,SEPTICTANK,5
2007,TOP,10
2007,WEST,11
2007,WINDSOREDGE,12
2007,WOODFARM,7
2007,WOODRUSH,3
2007,WYCHELM,8
2007,YEW,17
2008,ARTHURS,12
2008,BEECH,16
2008,BREAKHEART,2
2008,CEDAR,7
2008,COLEPARK,3
2008,COLLIERSWOOD,3
2008,HEDGE,17
2008,HONEYWELL,7
2008,INCHBROOK,5
2008,JACKSMIREY,12
2008,JUNCTION,12
2008,KENNEL,8
2008,LARCH,12
2008,NETTLE,4
2008,OLDOAK,7
2008,PARKMILL,14
2008,PEGLARS,8
2008,SEPTICTANK,6
2008,TOP,7
2008,TRACKSIDE,2
2008,WEST,7
2008,WINDSOREDGE,14
2008,WOODFARM,4
2008,WOODRUSH,2
2008,WYCHELM,12
2008,YEW,18
2009,ARTHURS,16
2009,BEECH,14
2009,BREAKHEART,4
2009,CEDAR,16
2009,COLLIERSWOOD,4
2009,HONEYWELL,12
2009,INCHBROOK,4
2009,JACKSMIREY,9
2009,JUNCTION,11
2009,KENNEL,10
2009,LARCH,14
2009,NETTLE,8
2009,OLDOAK,12
2009,PARKMILL,14
2009,SEPTICTANK,3
2009,TOP,8
2009,TRACKSIDE,7
2009,WEST,7
2009,WINDSOREDGE,8
2009,WOODFARM,9
2009,WOODRUSH,2
2009,WYCHELM,8
2009,YEW,14
2010,ARTHURS,7
2010,BEECH,10
2010,BREAKHEART,5
2010,CEDAR,8
2010,COLLIERSWOOD,2
2010,HONEYWELL,15
2010,INCHBROOK,9
2010,JACKSMIREY,6
2010,JUNCTION,11
2010,KENNEL,11
2010,LARCH,8
2010,NETTLE,5
2010,OLDOAK,14
2010,PARKMILL,12
2010,SEPTICTANK,7
2010,TOP,9
2010,TRACKSIDE,8
2010,WEST,6
2010,WINDSOREDGE,6
2010,WOODFARM,5
2010,WOODRUSH,3
2010,WYCHELM,8
2010,YEW,8
2011,ARTHURS,5
2011,BEECH,14
2011,BREAKHEART,6
2011,CEDAR,3
2011,COLLIERSWOOD,7
2011,HONEYWELL,8
2011,INCHBROOK,7
2011,JACKSMIREY,6
2011,JUNCTION,10
2011,KENNEL,5
2011,LARCH,12
2011,NETTLE,4
2011,OLDOAK,7
2011,PARKMILL,5
2011,SEPTICTANK,6
2011,TOP,8
2011,TRACKSIDE,4
2011,WEST,10
2011,WINDSOREDGE,7
2011,WOODFARM,4
2011,WOODRUSH,5
2011,WYCHELM,4
2011,YEW,11
2012,ARTHURS,5
2012,BEECH,11
2012,BREAKHEART,5
2012,CEDAR,7
2012,COLEPARK,1
2012,COLLIERSWOOD,5
2012,HONEYWELL,13
2012,INCHBROOK,6
2012,JACKSMIREY,4
2012,JUNCTION,6
2012,KENNEL,6
2012,LARCH,13
2012,NETTLE,5
2012,OLDOAK,9
2012,PARKMILL,5
2012,SCOTLANDBANK,5
2012,SEPTICTANK,2
2012,TOP,9
2012,TRACKSIDE,3
2012,WEST,13
2012,WINDSOREDGE,5
2012,WOODFARM,6
2012,WOODRUSH,4
2012,WYCHELM,5
2012,YEW,8
2013,ARTHURS,2
2013,BEECH,7
2013,BREAKHEART,8
2013,CEDAR,5
2013,COLEPARK,1
2013,COLLIERSWOOD,7
2013,HONEYWELL,2
2013,INCHBROOK,10
2013,JACKSMIREY,2
2013,JUNCTION,2
2013,KENNEL,10
2013,LARCH,7
2013,NETTLE,4
2013,OLDOAK,10
2013,PARKMILL,5
2013,SCOTLANDBANK,3
2013,SEPTICTANK,6
2013,TOP,3
2013,TRACKSIDE,7
2013,WEST,5
2013,WINDSOREDGE,6
2013,WOODFARM,7
2013,WOODRUSH,6
2013,WYCHELM,4
2013,YEW,10
2014,ARTHURS,8
2014,BEECH,4
2014,BREAKHEART,11
2014,CEDAR,6
2014,COLEPARK,2
2014,COLLIERSWOOD,6
2014,HONEYWELL,3
2014,INCHBROOK,13
2014,JACKSMIREY,2
2014,KENNEL,7
2014,LARCH,5
2014,NETTLE,4
2014,OLDOAK,9
2014,PARKMILL,4
2014,SCOTLANDBANK,5
2014,SEPTICTANK,6
2014,TOP,3
2014,TRACKSIDE,7
2014,WEST,9
2014,WINDSOREDGE,6
2014,WOODFARM,8
2014,WOODRUSH,7
2014,WYCHELM,10
2014,YEW,5
2015,ARTHURS,8
2015,BEECH,4
2015,BOXWOOD,4
2015,BREAKHEART,6
2015,CEDAR,4
2015,COLEPARK,5
2015,COLLIERSWOOD,2
2015,HONEYWELL,10
2015,INCHBROOK,11
2015,JACKSMIREY,6
2015,JUNCTION,4
2015,KENNEL,8
2015,LARCH,6
2015,NETTLE,2
2015,OLDOAK,11
2015,PARKMILL,6
2015,SCOTLANDBANK,4
2015,SEPTICTANK,3
2015,TOP,6
2015,TRACKSIDE,1
2015,WEST,8
2015,WINDSOREDGE,9
2015,WOODFARM,8
2015,WOODRUSH,6
2015,WYCHELM,4
2015,YEW,10
2016,ARTHURS,6
2016,BEECH,3
2016,BOXWOOD,5
2016,BREAKHEART,3
2016,CEDAR,3
2016,COLEPARK,5
2016,COLLIERSWOOD,2
2016,HONEYWELL,10
2016,INCHBROOK,4
2016,JACKSMIREY,5
2016,KENNEL,5
2016,LARCH,5
2016,NETTLE,3
2016,OLDOAK,5
2016,PARKMILL,4
2016,SCOTLANDBANK,4
2016,SEPTICTANK,2
2016,TOP,3
2016,TRACKSIDE,4
2016,WEST,5
2016,WINDSOREDGE,7
2016,WOODFARM,8
2016,WOODRUSH,3
2016,WYCHELM,1
2016,YEW,11
2017,ARTHURS,3
2017,BEECH,4
2017,BOXWOOD,8
2017,BREAKHEART,2
2017,CEDAR,5
2017,COLEPARK,4
2017,COLLIERSWOOD,3
2017,HONEYWELL,8
2017,INCHBROOK,9
2017,JACKSMIREY,1
2017,KENNEL,7
2017,LARCH,5
2017,NETTLE,2
2017,OLDOAK,3
2017,PARKMILL,4
2017,SCOTLANDBANK,5
2017,SEPTICTANK,1
2017,TOP,1
2017,TRACKSIDE,1
2017,WEST,6
2017,WINDSOREDGE,7
2017,WOODFARM,8
2017,WOODRUSH,4
2017,WYCHELM,3
2017,YEW,8
2018,ARTHURS,2
2018,BEECH,6
2018,BOXWOOD,16
2018,BREAKHEART,2
2018,CEDAR,10
2018,COLEPARK,3
2018,COLLIERSWOOD,5
2018,HONEYWELL,10
2018,INCHBROOK,9
2018,JACKSMIREY,4
2018,KENNEL,7
2018,LARCH,7
2018,NETTLE,6
2018,OLDOAK,4
2018,PARKMILL,4
2018,SCOTLANDBANK,4
2018,SEPTICTANK,2
2018,TOP,1
2018,TRACKSIDE,1
2018,WEST,3
2018,WINDSOREDGE,13
2018,WOODFARM,5
2018,WOODRUSH,4
2018,WYCHELM,2
2018,YEW,7
2019,ARTHURS,1
2019,BEECH,8
2019,BOXWOOD,6
2019,BREAKHEART,4
2019,CEDAR,10
2019,COLEPARK,4
2019,COLLIERSWOOD,7
2019,HONEYWELL,7
2019,INCHBROOK,5
2019,JACKSMIREY,2
2019,JUNCTION,2
2019,KENNEL,9
2019,LARCH,6
2019,NETTLE,6
2019,OLDOAK,3
2019,PARKMILL,11
2019,SCOTLANDBANK,2
2019,SEPTICTANK,3
2019,WEST,4
2019,WINDSOREDGE,9
2019,WOODFARM,10
2019,WOODRUSH,5
2019,WYCHELM,3
2019,YEW,4
2020,ARTHURS,2
2020,BEECH,8
2020,BOXWOOD,3
2020,CEDAR,7
2020,COLEPARK,1
2020,COLLIERSWOOD,1
2020,HONEYWELL,2
2020,INCHBROOK,3
2020,JUNCTION,5
2020,KENNEL,5
2020,LARCH,6
2020,NETTLE,2
2020,OLDOAK,1
2020,PARKMILL,6
2020,SCOTLANDBANK,1
2020,SEPTICTANK,2
2020,TOP,3
2020,WEST,2
2020,WINDSOREDGE,9
2020,WOODFARM,7
2020,WOODRUSH,1
2020,WYCHELM,3
2020,YEW,1
2021,ARTHURS,3
2021,BEECH,9
2021,CEDAR,8
2021,CHESTNUT,2
2021,COLEPARK,1
2021,COLLIERSWOOD,1
2021,HOLLOWTREE,1
2021,HONEYWELL,4
2021,INCHBROOK,4
2021,KENNEL,5
2021,LARCH,2
2021,NETTLE,10
2021,OLDOAK,1
2021,PARKMILL,9
2021,SCOTLANDBANK,6
2021,SEPTICTANK,2
2021,TOP,1
2021,TRACKSIDE,1
2021,WEST,3
2021,WINDSOREDGE,13
2021,WOODFARM,8
2021,YEW,8
2022,ARTHURS,4
2022,BEECH,2
2022,BOXWOOD,1
2022,CEDAR,3
2022,HONEYWELL,1
2022,INCHBROOK,2
2022,JUNCTION,1
2022,KENNEL,5
2022,LARCH,1
2022,NETTLE,4
2022,OLDOAK,2
2022,PARKMILL,5
2022,SCOTLANDBANK,4
2022,SEPTICTANK,4
2022,TOP,1
2022,WINDSOREDGE,6
2022,WOODFARM,7
2022,YEW,5
2023,BEECH,2
2023,CEDAR,2
2023,HONEYWELL,1
2023,INCHBROOK,4
2023,KENNEL,2
2023,LARCH,3
2023,NETTLE,2
2023,OLDOAK,3
2023,PARKMILL,3
2023,SCOTLANDBANK,1
2023,WINDSOREDGE,3
2023,YEW,1
2024,ARTHURS,2
2024,BEECH,1
2024,CEDAR,2
2024,HONEYWELL,5
2024,INCHBROOK,8
2024,KENNEL,1
2024,LARCH,1
2024,NETTLE,5
2024,OLDOAK,1
2024,PARKMILL,7
2024,SCOTLANDBANK,8
2024,WEST,3
2024,WINDSOREDGE,2
2024,YEW,1
2025,ARTHURS,4
2025,BEECH,2
2025,BOXWOOD,2
2025,CEDAR,1
2025,HONEYWELL,3
2025,INCHBROOK,6
2025,KENNEL,2
2025,LARCH,1
2025,NETTLE,2
2025,OLDOAK,2
2025,PARKMILL,11
2025,SCOTLANDBANK,5
2025,SEPTICTANK,1
2025,TOP,1
2025,WEST,2
2025,WINDSOREDGE,3
2025,WYCHELM,1
2026,ARTHURS,1
2026,BEECH,1
2026,HONEYWELL,2
2026,INCHBROOK,7
2026,KENNEL,1
2026,LARCH,4
2026,NETTLE,5
2026,OLDOAK,3
2026,PARKMILL,5
2026,SCOTLANDBANK,2
2026,SEPTICTANK,2
2026,WEST,3
2026,WOODFARM,2
2026,WOODRUSH,1
