origin_SG,sigma_test,expected_same_SG,expected_neighbour_SG,expected_nonneighbour_SG,expected_peripheral,n_transitions,observed_same_SG,observed_neighbour_SG,observed_nonneighbour_SG,observed_peripheral,excess_same_SG,ratio_same_SG,excess_peripheral,ratio_peripheral
1,60,0.905184449505461,0.022859317310644223,0,0.07195623318389484,222,0.9144144144144144,0.04954954954954955,0.0045045045045045045,0.03153153153153153,0.009229964908953447,1.0101967780312577,-0.04042470165236331,0.4382043102638241
1,100,0.7623619500233386,0.05748617216496783,1.242138689446145e-6,0.18015063567300404,222,0.9144144144144144,0.04954954954954955,0.0045045045045045045,0.03153153153153153,0.15205246439107578,1.1994491781579877,-0.1486191041414725,0.17502869980856023
1,150,0.6436752172575937,0.08593057461716404,3.652737779659925e-4,0.2700289343472764,222,0.9144144144144144,0.04954954954954955,0.0045045045045045045,0.03153153153153153,0.2707391971568207,1.4206146048473278,-0.23849740281574483,0.11677093644705401
2,60,0.6894221607185906,0.17022621769705043,1.9492811999533133e-4,0.14015669346436363,299,0.8662207357859532,0.10033444816053512,0.016722408026755852,0.016722408026755852,0.17679857506736252,1.2564445779971503,-0.12343428543760777,0.11931223271193757
2,100,0.5461931674726539,0.2792977496203301,0.004422782667133554,0.17008630023988247,299,0.8662207357859532,0.10033444816053512,0.016722408026755852,0.016722408026755852,0.32002756831329926,1.5859237855246917,-0.15336389221312663,0.0983171954658975
2,150,0.3863411367578954,0.3879018172649157,0.01933119514274719,0.20642585083444176,299,0.8662207357859532,0.10033444816053512,0.016722408026755852,0.016722408026755852,0.47987959902805777,2.242113648717608,-0.18970344280768592,0.08100927262335765
3,60,0.7859832748002644,0.2140167251997356,0,0,167,0.8622754491017964,0.10179640718562874,0.03592814371257485,0,0.07629217430153201,1.0970659004428809,0,NA
3,100,0.5679230290384735,0.4304858050762258,0.001573644969469601,1.7520915831207066e-5,167,0.8622754491017964,0.10179640718562874,0.03592814371257485,0,0.29435242006332296,1.5182963271654588,-1.7520915831207066e-5,0
3,150,0.37315446029904586,0.5975987424943296,0.026604390132395482,0.0026424070742289934,167,0.8622754491017964,0.10179640718562874,0.03592814371257485,0,0.48912098880275057,2.3107735290388036,-0.0026424070742289934,0
4,60,0.9336327735527298,9.155043171497602e-4,0,0.06545172213012039,385,0.948051948051948,0.01818181818181818,0.02857142857142857,0.005194805194805195,0.014419174499218257,1.015444160603263,-0.060256916935315194,0.07936850285585663
4,100,0.8682235926429951,0.014721279452048906,0,0.11705512790495605,385,0.948051948051948,0.01818181818181818,0.02857142857142857,0.005194805194805195,0.07982835540895294,1.091944466938458,-0.11186032271015085,0.04437913389854362
4,150,0.7630309362723707,0.06656110242657312,4.418857491430383e-5,0.1703637727261418,385,0.948051948051948,0.01818181818181818,0.02857142857142857,0.005194805194805195,0.1850210117795773,1.2424816648764716,-0.1651689675313366,0.030492428711095733
5,60,0.4352703034305346,0,0,0.5647296965694654,154,0.9090909090909091,0.045454545454545456,0,0.045454545454545456,0.4738206056603745,2.088566350440198,-0.51927515111492,0.08048902993886431
5,100,0.2930534559644393,0.0047028269406942545,0,0.7022437170948663,154,0.9090909090909091,0.045454545454545456,0,0.045454545454545456,0.6160374531264697,3.1021333841605436,-0.6567891716403209,0.06472759292541308
5,150,0.19838751257475404,0.038857806197829414,0,0.7627546812274166,154,0.9090909090909091,0.045454545454545456,0,0.045454545454545456,0.710703396516155,4.582399856182259,-0.7173001357728712,0.05959261420906718
6,60,0.8651264939171355,0.030784645307904375,0,0.10408886077496017,134,0.746268656716418,0.23134328358208955,0.022388059701492536,0,-0.11885783720071752,0.8626121867305776,-0.10408886077496017,0
6,100,0.7918504188703913,0.09641986820246203,6.360415920482268e-6,0.11172335251122616,134,0.746268656716418,0.23134328358208955,0.022388059701492536,0,-0.04558176215397336,0.9424363982543601,-0.11172335251122616,0
6,150,0.629681958685939,0.22149154513536018,0.0016550288724495883,0.14717146730625116,134,0.746268656716418,0.23134328358208955,0.022388059701492536,0,0.11658669803047894,1.1851517205190054,-0.14717146730625116,0
7,60,0.9033413326384097,0.09661015049270857,0,4.8516868881776066e-5,68,0.7058823529411765,0.22058823529411764,0.07352941176470588,0,-0.19745897969723314,0.7814126592430901,-4.8516868881776066e-5,0
7,100,0.7723694290810631,0.22166498326790932,7.303338859382935e-5,0.005892554262433698,68,0.7058823529411765,0.22058823529411764,0.07352941176470588,0,-0.06648707613988658,0.913918037617063,-0.005892554262433698,0
7,150,0.6222468456058718,0.3370520873539226,0.0031815156832482355,0.03751955135695729,68,0.7058823529411765,0.22058823529411764,0.07352941176470588,0,0.08363550733530467,1.13440888921481,-0.03751955135695729,0
8,60,0.9888027173730135,0.011197282626986535,0,0,75,0.84,0.13333333333333333,0.013333333333333334,0.013333333333333334,-0.14880271737301354,0.8495122285177948,0.013333333333333334,Inf
8,100,0.9273889346954941,0.07176888613368121,0,8.421791708246932e-4,75,0.84,0.13333333333333333,0.013333333333333334,0.013333333333333334,-0.08738893469549414,0.9057688404227208,0.012491154162508641,15.83194383717284
8,150,0.8282590968142082,0.1479519683056466,0.0020687844949318166,0.02172015038521335,75,0.84,0.13333333333333333,0.013333333333333334,0.013333333333333334,0.011740903185791796,1.014175399015781,-0.008386817051880017,0.6138692917342968
9,60,0.3234396706753671,0.676484046059406,7.628326522690081e-5,0,93,0.5268817204301075,0.40860215053763443,0.06451612903225806,0,0.2034420497547404,1.6289953527652858,0,NA
9,100,0.27933671774668795,0.711860497472276,0.008802784781035938,0,93,0.5268817204301075,0.40860215053763443,0.06451612903225806,0,0.24754500268341956,1.8861885565216021,0,NA
9,150,0.23595598333531095,0.7136519242175243,0.04953032321729057,8.617692298741476e-4,93,0.5268817204301075,0.40860215053763443,0.06451612903225806,0,0.2909257370947965,2.232966136236391,-8.617692298741476e-4,0
10,60,0.8997041552172301,0.10029584478276983,0,0,82,0.3902439024390244,0.5365853658536586,0.07317073170731707,0,-0.5094602527782057,0.43374691577900015,0,NA
10,100,0.6582574262110995,0.34061827618927093,0.0011242975996295223,0,82,0.3902439024390244,0.5365853658536586,0.07317073170731707,0,-0.2680135237720751,0.5928439040714678,0,NA
10,150,0.4143273808242038,0.5632391421268406,0.022387654262727853,4.582278622779724e-5,82,0.3902439024390244,0.5365853658536586,0.07317073170731707,0,-0.02408347838517938,0.9418733120237646,-4.582278622779724e-5,0
11,60,0.6797634177389688,0.32023658226103124,0,0,259,0.8146718146718147,0.16216216216216217,0.023166023166023165,0,0.13490839693284595,1.198463749905193,0,NA
11,100,0.5163993930919122,0.47904109582937004,0.004559511078717862,0,259,0.8146718146718147,0.16216216216216217,0.023166023166023165,0,0.2982724215799025,1.5776002558678726,0,NA
11,150,0.3926446269510142,0.5603723280296797,0.04694031402631371,4.2730992992282814e-5,259,0.8146718146718147,0.16216216216216217,0.023166023166023165,0,0.4220271877208005,2.0748324534527556,-4.2730992992282814e-5,0
12,60,0.9407983248528771,0.059201675147122906,0,0,184,0.7934782608695652,0.16847826086956522,0.03260869565217391,0.005434782608695652,-0.14732006398331188,0.8434095171179754,0.005434782608695652,Inf
12,100,0.7940999068216801,0.203322289568258,7.439991624812558e-4,0.0018338044475806614,184,0.7934782608695652,0.16847826086956522,0.03260869565217391,0.005434782608695652,-6.216459521148909e-4,0.9992171690907219,0.0036009781611149906,2.9636653002264017
12,150,0.6202824351500376,0.35120714166697886,0.014581910496213312,0.013928512686770296,184,0.7934782608695652,0.16847826086956522,0.03260869565217391,0.005434782608695652,0.17319582571952763,1.2792209095484608,-0.008493730078074644,0.3901911662009516
13,60,0.5350545046088235,0.46359430875259605,0.0013511866385803994,0,20,0.3,0.35,0.35,0,-0.23505450460882354,0.5606905416473952,0,NA
13,100,0.3673974680171963,0.6095798198984163,0.02298159904256034,4.111304182713545e-5,20,0.3,0.35,0.35,0,-0.06739746801719632,0.816554348126205,-4.111304182713545e-5,0
13,150,0.2537331113474515,0.6808412146106713,0.06358474008575349,0.001840933956123688,20,0.3,0.35,0.35,0,0.046266888652548466,1.1823447023009643,-0.001840933956123688,0
14,60,0.8483119197245225,0.15168808027547753,0,0,91,0.8461538461538461,0.10989010989010989,0.03296703296703297,0.01098901098901099,-0.002158073570676322,0.9974560376666909,0.01098901098901099,Inf
14,100,0.6592994083671144,0.3402996835139464,1.1157805633792801e-4,2.893300626012652e-4,91,0.8461538461538461,0.10989010989010989,0.03296703296703297,0.01098901098901099,0.18685443778673172,1.2834136287935003,0.010699680926409725,37.98088207707365
14,150,0.4913895343653708,0.49791465075362334,0.0038232889545958305,0.0068725259264100615,91,0.8461538461538461,0.10989010989010989,0.03296703296703297,0.01098901098901099,0.35476431178847534,1.7219614724734689,0.004116485062600928,1.5989770146638382
15,60,0.9881652359234309,0.004892728879511407,0,0.0069420351970577105,278,0.8525179856115108,0.12949640287769784,0.017985611510791366,0,-0.13564725031192004,0.8627281699652599,-0.0069420351970577105,0
15,100,0.9366262201748066,0.051070086849223685,3.653481166439356e-6,0.01230003949480339,278,0.8525179856115108,0.12949640287769784,0.017985611510791366,0,-0.08410823456329575,0.9102008541383795,-0.01230003949480339,0
15,150,0.8082957262953453,0.1753230937622008,9.161231005902271e-4,0.015465056841863733,278,0.8525179856115108,0.12949640287769784,0.017985611510791366,0,0.044222259316165524,1.0547104950298933,-0.015465056841863733,0
16,60,0.8848787951214383,0.1150360361957432,0,8.516868281837914e-5,273,0.8864468864468864,0.0989010989010989,0.007326007326007326,0.007326007326007326,0.0015680913254481066,1.0017720973020185,0.007240838643188947,86.01761919495597
16,100,0.7271883352140667,0.26448632815088446,1.9136868921828974e-5,0.008306199766126966,273,0.8864468864468864,0.0989010989010989,0.007326007326007326,0.007326007326007326,0.15925855123281973,1.2190059211908808,-9.8019244011964e-4,0.8819926720138725
16,150,0.5718113778474254,0.37021462599908567,0.0029453665242113927,0.05502862962927746,273,0.8864468864468864,0.0989010989010989,0.007326007326007326,0.007326007326007326,0.314635508599461,1.5502435257302876,-0.04770262230327013,0.13313083344727875
17,60,0.9480157143837217,0.05060201435149358,0,0.0013822712647846877,178,0.8202247191011236,0.14606741573033707,0.011235955056179775,0.02247191011235955,-0.12779099528259807,0.8652016065306772,0.021089638847574862,16.25723596001971
17,100,0.8084896622790557,0.18005930850405086,1.2091403199006465e-5,0.011438937813694377,178,0.8202247191011236,0.14606741573033707,0.011235955056179775,0.02247191011235955,0.01173505682206788,1.0145147889572117,0.011032972298665173,1.9645102087587893
17,150,0.6187505531092868,0.3515731357276562,0.002112718416627206,0.027563592746429798,178,0.8202247191011236,0.14606741573033707,0.011235955056179775,0.02247191011235955,0.20147416599183676,1.3256145226528007,-0.005091682634070248,0.81527507386606
18,60,0.7434490402074163,0.25634856321591976,0,2.0239657666389367e-4,99,0.7878787878787878,0.18181818181818182,0.030303030303030304,0,0.04442974767137153,1.059761658524673,-2.0239657666389367e-4,0
18,100,0.676745472704114,0.3172758110591759,1.6182624708959434e-4,0.005816889989620456,99,0.7878787878787878,0.18181818181818182,0.030303030303030304,0,0.11113331517467384,1.1642173012707593,-0.005816889989620456,0
18,150,0.5908261050212732,0.35792039316249225,0.011465068803157483,0.03978843301307707,99,0.7878787878787878,0.18181818181818182,0.030303030303030304,0,0.19705268285751465,1.3335206098424164,-0.03978843301307707,0
19,60,0.6753478104581342,0.32465218954186575,0,0,15,0.26666666666666666,0.7333333333333333,0,0,-0.4086811437914675,0.3948582678986826,0,NA
19,100,0.4702076074627135,0.5290890887428693,2.5813353465613138e-5,6.774904409515427e-4,15,0.26666666666666666,0.7333333333333333,0,0,-0.20354094079604684,0.5671253770342556,-6.774904409515427e-4,0
19,150,0.3366494491769727,0.6419267351443851,0.0032031057406669084,0.018220709937975206,15,0.26666666666666666,0.7333333333333333,0,0,-0.06998278251030604,0.7921197177616147,-0.018220709937975206,0
20,60,0.7270558224068961,0.0027824088072012023,0,0.2701617687859027,191,0.9424083769633508,0.015706806282722512,0.010471204188481676,0.031413612565445025,0.21535255455645463,1.2961981018782527,-0.23874815622045767,0.11627704655109668
20,100,0.5349170970890111,0.013014886331291942,6.510983526870086e-5,0.4520029067444282,191,0.9424083769633508,0.015706806282722512,0.010471204188481676,0.031413612565445025,0.40749127987433964,1.7617839887561724,-0.4205892941789832,0.06949869590818125
20,150,0.3892335902526043,0.027116684776787987,0.0025495603327767985,0.5811001646378309,191,0.9424083769633508,0.015706806282722512,0.010471204188481676,0.031413612565445025,0.5531747867107465,2.421189744574069,-0.5496865520723858,0.05405886020532015
21,60,0.8311955952336006,0.16866770068207296,1.3670408432643537e-4,0,103,0.9029126213592233,0.0970873786407767,0,0,0.0717170261256227,1.0862817687399646,0,NA
21,100,0.6611605049306535,0.331596333386678,0.0072431616826684865,0,103,0.9029126213592233,0.0970873786407767,0,0,0.24175211642856986,1.3656481514332535,0,NA
21,150,0.5416199895349346,0.41768472735356005,0.03811392255576304,0.0025813605557423996,103,0.9029126213592233,0.0970873786407767,0,0,0.3612926318242887,1.6670592644383655,-0.0025813605557423996,0
22,60,0.9925538310703836,0.007063134242659185,0,3.830346869572473e-4,166,0.8433734939759037,0.07228915662650602,0.012048192771084338,0.07228915662650602,-0.14918033709447998,0.8497005074942868,0.07190612193954878,188.72744189503294
22,100,0.8816009101536335,0.090585029118672,8.519980442327733e-4,0.026962062683461824,166,0.8433734939759037,0.07228915662650602,0.012048192771084338,0.07228915662650602,-0.038227416177729845,0.9566386380305936,0.0453270939430442,2.681143407876106
22,150,0.668753163883374,0.20239479136112037,0.01641853541913909,0.1124335093363665,166,0.8433734939759037,0.07228915662650602,0.012048192771084338,0.07228915662650602,0.17462033009252964,1.261113276950391,-0.040144352709860484,0.6429502828221707
