tattoo,elect_tag,age_fc,year_fc,sex,TimeBetweenCapture
001A,,CUB,2014,FEMALE,0
001B,,ADULT,2006,MALE,36
001C,,ADULT,2016,MALE,0
001E,,CUB,2013,FEMALE,0
001F,,ADULT,2010,MALE,4
001G,,ADULT,2003,MALE,0
001H,,ADULT,2020,MALE,0
001K,,ADULT,2012,MALE,5
001L,,ADULT,2011,FEMALE,17
001M,,ADULT,2018,MALE,0
001N,,ADULT,2009,MALE,2
001P,,ADULT,2008,FEMALE,38
001R,,ADULT,2004,MALE,2
001T,,ADULT,2017,FEMALE,0
001V,,ADULT,2015,MALE,0
001W,,ADULT,2005,FEMALE,5
001Y,,ADULT,2007,MALE,0
001Z,,CUB,2019,FEMALE,0
002A,,CUB,2014,FEMALE,0
002B,,CUB,2006,FEMALE,12
002C,,ADULT,2016,FEMALE,0
002E,,CUB,2013,FEMALE,0
002F,,ADULT,2010,FEMALE,19
002G,,ADULT,2003,MALE,25
002H,,ADULT,2020,MALE,0
002K,,ADULT,2012,MALE,5
002L,,ADULT,2011,MALE,0
002M,,ADULT,2018,MALE,0
002N,,CUB,2009,MALE,7
002P,,CUB,2008,FEMALE,24
002R,,ADULT,2004,FEMALE,0
002T,,ADULT,2017,MALE,0
002V,,ADULT,2015,MALE,0
002W,,ADULT,2005,FEMALE,0
002Y,,ADULT,2007,FEMALE,48
002Z,,ADULT,2019,FEMALE,0
003A,,CUB,2014,FEMALE,0
003B,,CUB,2006,FEMALE,7
003C,,ADULT,2016,FEMALE,0
003E,,CUB,2013,FEMALE,0
003F,,ADULT,2010,MALE,0
003G,,CUB,2003,FEMALE,4
003H,,ADULT,2020,MALE,0
003K,,CUB,2012,MALE,0
003L,,ADULT,2011,MALE,0
003M,,ADULT,2018,MALE,0
003N,,CUB,2009,FEMALE,9
003P,,CUB,2008,FEMALE,3
003R,,ADULT,2004,FEMALE,0
003T,,ADULT,2017,MALE,0
003V,,ADULT,2015,MALE,0
003W,,ADULT,2005,FEMALE,0
003Y,,ADULT,2007,FEMALE,0
003Z,,CUB,2019,FEMALE,0
004A,,CUB,2014,FEMALE,0
004B,,CUB,2006,MALE,3
004C,,CUB,2016,FEMALE,0
004E,,CUB,2013,MALE,0
004F,,ADULT,2010,MALE,4
004G,,CUB,2003,FEMALE,0
004K,,ADULT,2012,MALE,0
004L,,ADULT,2011,FEMALE,4
004M,,CUB,2018,FEMALE,0
004N,,CUB,2009,MALE,0
004P,,ADULT,2008,FEMALE,13
004R,,ADULT,2004,FEMALE,16
004T,,ADULT,2017,FEMALE,0
004V,,ADULT,2015,FEMALE,0
004W,,CUB,2005,MALE,7
004Y,,CUB,2007,MALE,0
004Z,,CUB,2019,MALE,0
005A,,CUB,2014,FEMALE,0
005B,,CUB,2006,MALE,10
005C,,CUB,2016,FEMALE,0
005E,,CUB,2013,MALE,0
005F,,CUB,2010,MALE,0
005G,,CUB,2003,MALE,0
005K,,CUB,2012,MALE,0
005L,,CUB,2011,FEMALE,5
005M,,CUB,2018,MALE,0
005N,,CUB,2009,MALE,5
005P,,ADULT,2008,FEMALE,28
005R,,ADULT,2004,FEMALE,0
005T,,CUB,2017,FEMALE,0
005V,,CUB,2015,FEMALE,0
005W,,CUB,2005,MALE,5
005Y,,CUB,2007,FEMALE,0
005Z,,CUB,2019,MALE,0
006A,,CUB,2014,FEMALE,0
006B,,ADULT,2006,MALE,0
006C,,CUB,2016,MALE,0
006E,,CUB,2013,FEMALE,0
006F,,CUB,2010,MALE,0
006G,,CUB,2003,FEMALE,13
006K,,CUB,2012,FEMALE,0
006L,,CUB,2011,MALE,5
006M,,CUB,2018,MALE,0
006N,,CUB,2009,MALE,0
006P,,CUB,2008,MALE,3
006R,,CUB,2004,FEMALE,0
006T,,CUB,2017,MALE,0
006V,,ADULT,2015,MALE,0
006W,,CUB,2005,FEMALE,0
006Y,,CUB,2007,FEMALE,5
006Z,,CUB,2019,FEMALE,0
007A,,CUB,2014,FEMALE,0
007B,,CUB,2006,MALE,3
007C,,CUB,2016,FEMALE,0
007E,,CUB,2013,FEMALE,0
007F,,ADULT,2010,FEMALE,12
007G,,CUB,2003,FEMALE,13
007K,,CUB,2012,MALE,0
007L,,CUB,2011,MALE,5
007M,,CUB,2018,FEMALE,0
007N,,CUB,2009,MALE,3
007P,,CUB,2008,MALE,5
007R,,CUB,2004,MALE,0
007T,,CUB,2017,FEMALE,0
007V,,ADULT,2015,FEMALE,0
007W,,ADULT,2005,FEMALE,4
007Y,,CUB,2007,MALE,5
007Z,,CUB,2019,MALE,0
008A,,CUB,2014,MALE,0
008B,,CUB,2006,FEMALE,15
008C,,CUB,2016,MALE,0
008E,,CUB,2013,MALE,0
008F,,CUB,2010,MALE,0
008G,,CUB,2003,MALE,12
008K,,CUB,2012,MALE,0
008L,,CUB,2011,MALE,8
008M,,CUB,2018,FEMALE,0
008N,,CUB,2009,MALE,1
008P,,CUB,2008,MALE,8
008R,,CUB,2004,MALE,0
008T,,CUB,2017,MALE,0
008V,,ADULT,2015,MALE,0
008W,,CUB,2005,FEMALE,45
008Y,,CUB,2007,FEMALE,3
008Z,,ADULT,2019,FEMALE,0
009A,,CUB,2014,MALE,0
009B,,CUB,2006,MALE,7
009C,,CUB,2016,FEMALE,0
009E,,CUB,2013,MALE,0
009F,,CUB,2010,MALE,4
009G,,CUB,2003,MALE,0
009K,,CUB,2012,MALE,0
009L,,CUB,2011,MALE,8
009M,,CUB,2018,MALE,0
009N,,CUB,2009,FEMALE,10
009P,,CUB,2008,MALE,9
009R,,CUB,2004,MALE,10
009T,,CUB,2017,MALE,0
009V,,ADULT,2015,FEMALE,0
009W,,CUB,2005,FEMALE,0
009Y,,CUB,2007,MALE,0
009Z,,CUB,2019,MALE,0
010A,,ADULT,2014,MALE,0
010B,,CUB,2006,MALE,3
010C,,CUB,2016,MALE,0
010E,,CUB,2013,FEMALE,0
010F,,CUB,2010,MALE,11
010G,,CUB,2003,FEMALE,0
010K,,CUB,2012,MALE,0
010L,,CUB,2011,FEMALE,2
010M,,CUB,2018,FEMALE,0
010N,,CUB,2009,FEMALE,10
010P,,CUB,2008,FEMALE,12
010R,,CUB,2004,FEMALE,0
010T,,CUB,2017,FEMALE,0
010V,,ADULT,2015,MALE,0
010W,,CUB,2005,MALE,0
010Y,,CUB,2007,MALE,8
010Z,,CUB,2019,MALE,0
011A,,CUB,2014,MALE,0
011B,,CUB,2006,FEMALE,11
011C,,CUB,2016,MALE,0
011E,,CUB,2013,MALE,0
011F,,CUB,2010,FEMALE,4
011G,,CUB,2003,FEMALE,12
011K,,CUB,2012,FEMALE,0
011L,,CUB,2011,FEMALE,2
011M,,CUB,2018,MALE,0
011N,,CUB,2009,FEMALE,0
011P,,CUB,2008,MALE,3
011R,,CUB,2004,FEMALE,7
011T,,CUB,2017,FEMALE,0
011V,,ADULT,2015,FEMALE,0
011W,,ADULT,2005,FEMALE,4
011Y,,CUB,2007,FEMALE,9
011Z,,ADULT,2019,FEMALE,0
012A,,CUB,2014,MALE,0
012B,,CUB,2006,MALE,17
012C,,CUB,2016,MALE,0
012E,,CUB,2013,FEMALE,0
012F,,CUB,2010,FEMALE,5
012G,,CUB,2003,MALE,12
012K,,CUB,2012,FEMALE,0
012L,,CUB,2011,FEMALE,8
012M,,CUB,2018,FEMALE,0
012N,,CUB,2009,MALE,0
012P,,CUB,2008,FEMALE,22
012R,,CUB,2004,MALE,14
012T,,CUB,2017,MALE,0
012V,,ADULT,2015,MALE,0
012W,,CUB,2005,FEMALE,0
012Y,,CUB,2007,MALE,5
012Z,,ADULT,2019,MALE,0
013A,,CUB,2014,MALE,0
013B,,CUB,2006,MALE,0
013C,,CUB,2016,MALE,0
013E,,CUB,2013,FEMALE,0
013F,,CUB,2010,FEMALE,5
013G,,CUB,2003,FEMALE,33
013K,,CUB,2012,FEMALE,0
013L,,CUB,2011,MALE,5
013M,,CUB,2018,MALE,0
013N,,CUB,2009,MALE,5
013P,,CUB,2008,FEMALE,11
013R,,CUB,2004,FEMALE,3
013T,,CUB,2017,MALE,0
013V,,ADULT,2015,MALE,0
013W,,CUB,2005,FEMALE,0
013Y,,CUB,2007,MALE,30
013Z,,CUB,2019,FEMALE,0
014A,,CUB,2014,FEMALE,0
014B,,CUB,2006,MALE,20
014C,,CUB,2016,FEMALE,0
014E,,CUB,2013,FEMALE,0
014F,,CUB,2010,FEMALE,0
014G,,CUB,2003,MALE,5
014K,,CUB,2012,FEMALE,0
014L,,CUB,2011,FEMALE,5
014M,,CUB,2018,MALE,0
014N,,CUB,2009,FEMALE,8
014P,,CUB,2008,MALE,6
014R,,CUB,2004,MALE,0
014T,,CUB,2017,FEMALE,0
014V,,ADULT,2015,FEMALE,0
014W,,CUB,2005,MALE,2
014Y,,CUB,2007,FEMALE,3
014Z,,CUB,2019,MALE,0
015A,,CUB,2014,MALE,0
015B,,CUB,2006,MALE,9
015C,,CUB,2016,FEMALE,0
015E,,CUB,2013,MALE,0
015F,,CUB,2010,FEMALE,0
015G,,CUB,2003,MALE,3
015K,,CUB,2012,FEMALE,0
015L,,CUB,2011,FEMALE,8
015M,,CUB,2018,MALE,0
015N,,CUB,2009,MALE,1
015P,,CUB,2008,MALE,6
015R,,CUB,2004,FEMALE,0
015T,,CUB,2017,FEMALE,0
015V,,CUB,2015,FEMALE,0
015W,,ADULT,2005,FEMALE,0
015Y,,CUB,2007,MALE,27
015Z,,CUB,2019,FEMALE,0
016A,,CUB,2014,FEMALE,0
016B,,CUB,2006,FEMALE,13
016C,,CUB,2016,FEMALE,0
016E,,CUB,2013,FEMALE,0
016F,,CUB,2010,FEMALE,0
016G,,CUB,2003,MALE,7
016K,,CUB,2012,FEMALE,0
016L,,CUB,2011,MALE,2
016M,,CUB,2018,FEMALE,0
016N,,CUB,2009,MALE,12
016P,,CUB,2008,MALE,8
016R,,CUB,2004,FEMALE,14
016T,,CUB,2017,MALE,0
016V,,CUB,2015,FEMALE,0
016W,,CUB,2005,FEMALE,4
016Y,,CUB,2007,MALE,3
016Z,,CUB,2019,FEMALE,0
017A,,CUB,2014,FEMALE,0
017B,,CUB,2006,FEMALE,13
017C,,CUB,2016,FEMALE,0
017E,,CUB,2013,FEMALE,0
017F,,CUB,2010,FEMALE,8
017G,,CUB,2003,MALE,0
017K,,CUB,2012,FEMALE,0
017L,,CUB,2011,MALE,3
017M,,CUB,2018,FEMALE,0
017N,,CUB,2009,FEMALE,4
017P,,CUB,2008,FEMALE,14
017R,,CUB,2004,FEMALE,10
017T,,CUB,2017,FEMALE,0
017V,,CUB,2015,FEMALE,0
017W,,CUB,2005,MALE,0
017Y,,ADULT,2007,MALE,24
017Z,,CUB,2019,MALE,0
018A,,CUB,2014,MALE,0
018B,,CUB,2006,FEMALE,18
018C,,CUB,2016,FEMALE,0
018E,,ADULT,2013,MALE,0
018F,,CUB,2010,FEMALE,0
018G,,CUB,2003,FEMALE,35
018K,,CUB,2012,FEMALE,0
018L,,CUB,2011,FEMALE,11
018M,,CUB,2018,FEMALE,0
018N,,CUB,2009,MALE,5
018P,,CUB,2008,MALE,5
018R,,CUB,2004,MALE,28
018T,,CUB,2017,FEMALE,0
018V,,CUB,2015,FEMALE,0
018W,,ADULT,2005,FEMALE,0
018Y,,CUB,2007,FEMALE,7
018Z,,CUB,2019,FEMALE,0
019A,,CUB,2014,MALE,0
019B,,CUB,2006,MALE,4
019C,,CUB,2016,FEMALE,0
019E,,CUB,2013,FEMALE,0
019F,,CUB,2010,FEMALE,0
019G,,CUB,2003,FEMALE,11
019K,,CUB,2012,FEMALE,0
019L,,CUB,2011,MALE,0
019M,,CUB,2018,MALE,0
019N,,CUB,2009,MALE,5
019P,,CUB,2008,FEMALE,16
019R,,CUB,2004,FEMALE,31
019T,,CUB,2017,FEMALE,0
019V,,CUB,2015,MALE,0
019W,,ADULT,2005,FEMALE,0
019Y,,CUB,2007,FEMALE,3
019Z,,ADULT,2019,FEMALE,0
020A,,CUB,2014,FEMALE,0
020B,,CUB,2006,MALE,8
020C,,CUB,2016,MALE,0
020E,,CUB,2013,MALE,0
020F,,CUB,2010,MALE,4
020G,,CUB,2003,MALE,5
020K,,CUB,2012,FEMALE,0
020L,,CUB,2011,FEMALE,5
020M,,CUB,2018,FEMALE,0
020N,,CUB,2009,FEMALE,12
020P,,CUB,2008,MALE,8
020R,,CUB,2004,MALE,3
020T,,CUB,2017,MALE,0
020V,,CUB,2015,FEMALE,0
020W,,CUB,2005,MALE,0
020Y,,CUB,2007,MALE,8
020Z,,CUB,2019,MALE,0
021A,,ADULT,2014,FEMALE,0
021B,,CUB,2006,FEMALE,18
021C,,CUB,2016,MALE,0
021E,,CUB,2013,MALE,0
021F,,CUB,2010,MALE,8
021G,,CUB,2003,FEMALE,3
021K,,CUB,2012,MALE,0
021L,,CUB,2011,MALE,5
021M,,ADULT,2018,FEMALE,0
021N,,CUB,2009,FEMALE,4
021P,,CUB,2008,FEMALE,4
021R,,CUB,2004,MALE,0
021T,,CUB,2017,MALE,0
021V,,ADULT,2015,MALE,0
021W,,ADULT,2005,FEMALE,4
021Y,,ADULT,2007,MALE,3
021Z,,CUB,2019,FEMALE,0
022A,,CUB,2014,MALE,0
022B,,CUB,2006,MALE,40
022C,,CUB,2016,FEMALE,0
022E,,CUB,2013,MALE,0
022F,,CUB,2010,FEMALE,4
022G,,CUB,2003,MALE,24
022K,,CUB,2012,MALE,0
022L,,CUB,2011,FEMALE,5
022M,,CUB,2018,FEMALE,0
022N,,CUB,2009,FEMALE,10
022P,,CUB,2008,FEMALE,13
022R,,CUB,2004,FEMALE,0
022T,,ADULT,2017,FEMALE,0
022V,,CUB,2015,MALE,0
022W,,ADULT,2005,FEMALE,4
022Y,,CUB,2007,MALE,3
022Z,,CUB,2019,MALE,0
023A,,CUB,2014,MALE,0
023B,,CUB,2006,MALE,5
023C,,CUB,2016,FEMALE,0
023E,,CUB,2013,FEMALE,0
023F,,CUB,2010,FEMALE,4
023G,,CUB,2003,FEMALE,0
023K,,CUB,2012,FEMALE,0
023L,,CUB,2011,FEMALE,5
023M,,CUB,2018,FEMALE,0
023N,,CUB,2009,FEMALE,8
023P,,CUB,2008,MALE,11
023R,,CUB,2004,MALE,5
023T,,ADULT,2017,MALE,0
023V,,ADULT,2015,MALE,0
023W,,CUB,2005,FEMALE,0
023Y,,ADULT,2007,FEMALE,21
023Z,,CUB,2019,FEMALE,0
024A,,CUB,2014,MALE,0
024B,,CUB,2006,MALE,5
024C,,CUB,2016,MALE,0
024E,,CUB,2013,FEMALE,0
024F,,CUB,2010,FEMALE,6
024G,,ADULT,2003,MALE,23
024K,,CUB,2012,FEMALE,0
024L,,CUB,2011,FEMALE,5
024M,,CUB,2018,MALE,0
024N,,CUB,2009,MALE,1
024P,,ADULT,2008,FEMALE,27
024R,,CUB,2004,FEMALE,0
024T,,CUB,2017,MALE,0
024V,,CUB,2015,MALE,0
024W,,CUB,2005,MALE,4
024Y,,CUB,2007,MALE,16
024Z,,CUB,2019,MALE,0
025A,,CUB,2014,MALE,0
025B,,CUB,2006,MALE,9
025C,,CUB,2016,MALE,0
025E,,CUB,2013,FEMALE,0
025F,,CUB,2010,MALE,0
025G,,CUB,2003,FEMALE,5
025K,,CUB,2012,FEMALE,0
025L,,CUB,2011,MALE,5
025M,,CUB,2018,MALE,0
025N,,CUB,2009,MALE,24
025P,,CUB,2008,MALE,8
025R,,CUB,2004,MALE,0
025T,,ADULT,2017,MALE,0
025V,,CUB,2015,MALE,0
025W,,CUB,2005,FEMALE,17
025Y,,CUB,2007,FEMALE,3
025Z,,CUB,2019,FEMALE,0
026A,,CUB,2014,FEMALE,0
026B,,CUB,2006,MALE,5
026C,,ADULT,2016,FEMALE,0
026E,,CUB,2013,MALE,0
026F,,CUB,2010,FEMALE,3
026G,,CUB,2003,MALE,3
026K,,CUB,2012,FEMALE,0
026L,,CUB,2011,MALE,2
026M,,CUB,2018,FEMALE,0
026N,,CUB,2009,MALE,7
026P,,CUB,2008,MALE,8
026R,,CUB,2004,FEMALE,0
026T,,CUB,2017,FEMALE,0
026V,,CUB,2015,MALE,0
026W,,CUB,2005,MALE,0
026Y,,CUB,2007,MALE,21
026Z,,CUB,2019,MALE,0
027A,,CUB,2014,MALE,0
027B,,CUB,2006,FEMALE,2
027C,,ADULT,2016,FEMALE,0
027E,,CUB,2013,FEMALE,0
027F,,CUB,2010,MALE,4
027G,,CUB,2003,MALE,62
027K,,CUB,2012,FEMALE,0
027L,,CUB,2011,MALE,0
027M,,CUB,2018,FEMALE,0
027N,,CUB,2009,MALE,2
027P,,CUB,2008,MALE,8
027R,,CUB,2004,MALE,5
027T,,CUB,2017,FEMALE,0
027V,,CUB,2015,MALE,0
027W,,CUB,2005,FEMALE,0
027Y,,CUB,2007,FEMALE,9
027Z,,CUB,2019,FEMALE,0
028A,,CUB,2014,FEMALE,0
028B,,CUB,2006,MALE,0
028C,,CUB,2016,MALE,0
028E,,ADULT,2013,MALE,0
028F,,CUB,2010,MALE,5
028G,,CUB,2003,FEMALE,8
028K,,ADULT,2012,FEMALE,0
028L,,CUB,2011,MALE,0
028M,,CUB,2018,FEMALE,0
028N,,CUB,2009,FEMALE,7
028P,,CUB,2008,MALE,3
028R,,CUB,2004,MALE,0
028T,,CUB,2017,FEMALE,0
028V,,ADULT,2015,MALE,0
028W,,CUB,2005,MALE,2
028Y,,CUB,2007,MALE,9
028Z,,CUB,2019,MALE,0
029A,,CUB,2014,FEMALE,0
029B,,CUB,2006,FEMALE,13
029C,,CUB,2016,MALE,0
029E,,CUB,2013,MALE,0
029F,,CUB,2010,FEMALE,6
029G,,CUB,2003,FEMALE,22
029K,,CUB,2012,MALE,0
029L,,CUB,2011,MALE,0
029M,,ADULT,2018,FEMALE,0
029N,,CUB,2009,MALE,5
029P,,CUB,2008,MALE,3
029R,,CUB,2004,MALE,13
029T,,CUB,2017,MALE,0
029V,,CUB,2015,FEMALE,0
029W,,CUB,2005,FEMALE,17
029Y,,CUB,2007,MALE,19
029Z,,CUB,2019,FEMALE,0
030A,,CUB,2014,MALE,0
030B,,CUB,2006,MALE,8
030E,,CUB,2013,MALE,0
030F,,CUB,2010,MALE,0
030G,,CUB,2003,FEMALE,0
030K,,CUB,2012,FEMALE,0
030L,,CUB,2011,MALE,5
030M,,CUB,2018,FEMALE,0
030N,,CUB,2009,MALE,7
030P,,CUB,2008,FEMALE,10
030R,,CUB,2004,MALE,3
030T,,CUB,2017,FEMALE,0
030V,,ADULT,2015,MALE,0
030W,,CUB,2005,FEMALE,33
030Y,,CUB,2007,MALE,9
030Z,,CUB,2019,FEMALE,0
031A,,CUB,2014,MALE,0
031B,,CUB,2006,FEMALE,6
031E,,CUB,2013,FEMALE,0
031G,,CUB,2003,MALE,0
031K,,CUB,2012,MALE,0
031L,,CUB,2011,MALE,5
031M,,CUB,2018,FEMALE,0
031N,,CUB,2009,MALE,5
031P,,CUB,2008,FEMALE,3
031R,,CUB,2004,FEMALE,0
031T,,ADULT,2017,MALE,0
031V,,CUB,2015,FEMALE,0
031W,,CUB,2005,MALE,2
031Y,,CUB,2007,FEMALE,11
031Z,,CUB,2019,FEMALE,0
032A,,CUB,2014,MALE,0
032B,,CUB,2006,MALE,4
032E,,CUB,2013,MALE,0
032G,,CUB,2003,FEMALE,5
032K,,CUB,2012,FEMALE,0
032L,,CUB,2011,FEMALE,3
032M,,ADULT,2018,FEMALE,0
032N,,CUB,2009,MALE,11
032P,,CUB,2008,FEMALE,15
032R,,CUB,2004,MALE,3
032T,,ADULT,2017,FEMALE,0
032V,,CUB,2015,MALE,0
032W,,CUB,2005,FEMALE,0
032Y,,CUB,2007,FEMALE,16
032Z,,ADULT,2019,FEMALE,0
033A,,CUB,2014,FEMALE,0
033B,,CUB,2006,FEMALE,5
033E,,CUB,2013,FEMALE,0
033G,,CUB,2003,FEMALE,3
033K,,CUB,2012,FEMALE,0
033L,,CUB,2011,MALE,5
033M,,CUB,2018,MALE,0
033N,,CUB,2009,MALE,7
033P,,CUB,2008,MALE,12
033R,,CUB,2004,MALE,11
033T,,CUB,2017,MALE,0
033V,,ADULT,2015,MALE,0
033W,,CUB,2005,MALE,0
033Y,,CUB,2007,FEMALE,18
033Z,,CUB,2019,MALE,0
034A,,CUB,2014,MALE,0
034B,,CUB,2006,MALE,3
034E,,ADULT,2013,FEMALE,0
034G,,CUB,2003,FEMALE,48
034K,,CUB,2012,FEMALE,0
034L,,CUB,2011,FEMALE,4
034M,,CUB,2018,MALE,0
034N,,CUB,2009,FEMALE,5
034P,,CUB,2008,MALE,17
034R,,CUB,2004,MALE,9
034T,,CUB,2017,FEMALE,0
034V,,ADULT,2015,MALE,0
034W,,CUB,2005,FEMALE,2
034Y,,CUB,2007,MALE,9
034Z,,ADULT,2019,FEMALE,0
035A,,CUB,2014,MALE,0
035B,,CUB,2006,FEMALE,18
035E,,CUB,2013,FEMALE,0
035G,,CUB,2003,FEMALE,28
035K,,CUB,2012,FEMALE,0
035L,,CUB,2011,FEMALE,4
035M,,ADULT,2018,MALE,0
035N,,CUB,2009,MALE,9
035P,,CUB,2008,FEMALE,12
035R,,CUB,2004,FEMALE,40
035V,,CUB,2015,FEMALE,0
035W,,CUB,2005,FEMALE,12
035Y,,CUB,2007,FEMALE,19
035Z,,CUB,2019,FEMALE,0
036A,,CUB,2014,MALE,0
036B,,CUB,2006,FEMALE,0
036E,,CUB,2013,MALE,0
036G,,CUB,2003,MALE,5
036K,,CUB,2012,FEMALE,0
036L,,CUB,2011,FEMALE,9
036M,,CUB,2018,FEMALE,0
036N,,CUB,2009,MALE,5
036P,,CUB,2008,FEMALE,3
036R,,CUB,2004,MALE,21
036V,,ADULT,2015,MALE,0
036W,,CUB,2005,MALE,0
036Y,,CUB,2007,FEMALE,24
036Z,,CUB,2019,FEMALE,0
037A,,CUB,2014,MALE,0
037B,,CUB,2006,MALE,5
037E,,CUB,2013,FEMALE,0
037G,,CUB,2003,MALE,0
037K,,CUB,2012,MALE,0
037L,,CUB,2011,MALE,0
037M,,CUB,2018,FEMALE,0
037N,,CUB,2009,FEMALE,8
037P,,CUB,2008,FEMALE,6
037R,,CUB,2004,FEMALE,5
037V,,ADULT,2015,FEMALE,0
037W,,CUB,2005,FEMALE,34
037Y,,CUB,2007,FEMALE,0
037Z,,CUB,2019,MALE,0
038A,,ADULT,2014,MALE,0
038B,,CUB,2006,FEMALE,14
038E,,CUB,2013,MALE,0
038G,,CUB,2003,FEMALE,3
038K,,CUB,2012,FEMALE,0
038L,,CUB,2011,FEMALE,5
038M,,ADULT,2018,FEMALE,0
038N,,CUB,2009,MALE,9
038P,,CUB,2008,FEMALE,12
038R,,CUB,2004,FEMALE,12
038V,,ADULT,2015,MALE,0
038W,,CUB,2005,FEMALE,5
038Y,,CUB,2007,MALE,20
038Z,,CUB,2019,FEMALE,0
039A,,CUB,2014,FEMALE,0
039B,,CUB,2006,MALE,7
039E,,CUB,2013,MALE,0
039G,,CUB,2003,FEMALE,18
039K,,CUB,2012,FEMALE,0
039L,,CUB,2011,MALE,0
039M,,ADULT,2018,FEMALE,0
039N,,CUB,2009,FEMALE,5
039P,,CUB,2008,MALE,11
039R,,CUB,2004,MALE,35
039V,,CUB,2015,MALE,0
039W,,CUB,2005,FEMALE,24
039Y,,CUB,2007,FEMALE,3
039Z,,CUB,2019,MALE,0
040A,,ADULT,2014,FEMALE,0
040B,,CUB,2006,MALE,17
040E,,CUB,2013,MALE,0
040G,,CUB,2003,MALE,0
040K,,CUB,2012,FEMALE,0
040L,,CUB,2011,MALE,5
040M,,ADULT,2018,FEMALE,0
040N,,CUB,2009,MALE,5
040P,,CUB,2008,MALE,3
040R,,CUB,2004,FEMALE,12
040V,,CUB,2015,MALE,0
040W,,CUB,2005,MALE,2
040Y,,CUB,2007,FEMALE,11
040Z,,CUB,2019,FEMALE,0
041A,,ADULT,2014,MALE,0
041B,,CUB,2006,MALE,3
041E,,CUB,2013,MALE,0
041G,,CUB,2003,FEMALE,92
041K,,CUB,2012,MALE,0
041L,,CUB,2011,MALE,5
041M,,ADULT,2018,MALE,0
041N,,CUB,2009,FEMALE,5
041P,,CUB,2008,FEMALE,3
041R,,CUB,2004,MALE,12
041V,,ADULT,2015,FEMALE,0
041W,,CUB,2005,FEMALE,9
041Y,,CUB,2007,FEMALE,22
041Z,,CUB,2019,MALE,0
042A,,CUB,2014,FEMALE,0
042B,,CUB,2006,FEMALE,3
042E,,CUB,2013,MALE,0
042G,,CUB,2003,FEMALE,36
042K,,ADULT,2012,MALE,0
042M,,CUB,2018,MALE,0
042N,,ADULT,2009,MALE,0
042P,,CUB,2008,FEMALE,8
042R,,CUB,2004,MALE,15
042V,,CUB,2015,FEMALE,0
042W,,CUB,2005,MALE,12
042Y,,CUB,2007,FEMALE,5
042Z,,CUB,2019,FEMALE,0
043A,,CUB,2014,MALE,0
043B,,CUB,2006,FEMALE,5
043E,,ADULT,2013,MALE,0
043G,,CUB,2003,FEMALE,2
043K,,CUB,2012,MALE,0
043M,,CUB,2018,FEMALE,0
043N,,ADULT,2009,FEMALE,0
043P,,CUB,2008,FEMALE,10
043R,,CUB,2004,FEMALE,17
043V,,CUB,2015,MALE,0
043W,,CUB,2005,MALE,21
043Y,,CUB,2007,FEMALE,22
043Z,,CUB,2019,FEMALE,0
044A,,CUB,2014,FEMALE,0
044B,,CUB,2006,MALE,3
044E,,ADULT,2013,FEMALE,0
044G,,CUB,2003,FEMALE,37
044K,,CUB,2012,FEMALE,0
044M,,ADULT,2018,FEMALE,0
044N,,CUB,2009,FEMALE,3
044P,,CUB,2008,MALE,8
044R,,CUB,2004,FEMALE,20
044V,,CUB,2015,MALE,0
044W,,CUB,2005,MALE,2
044Y,,CUB,2007,MALE,13
044Z,,CUB,2019,FEMALE,0
045A,,CUB,2014,FEMALE,0
045B,,CUB,2006,FEMALE,38
045E,,CUB,2013,MALE,0
045G,,CUB,2003,FEMALE,15
045K,,CUB,2012,FEMALE,0
045M,,CUB,2018,MALE,0
045N,,CUB,2009,MALE,0
045P,,CUB,2008,FEMALE,21
045R,,CUB,2004,FEMALE,54
045V,,CUB,2015,MALE,0
045W,,CUB,2005,MALE,1
045Y,,CUB,2007,FEMALE,12
045Z,,CUB,2019,MALE,0
046A,,CUB,2014,FEMALE,0
046B,,CUB,2006,MALE,24
046E,,CUB,2013,MALE,0
046G,,CUB,2003,FEMALE,0
046K,,CUB,2012,FEMALE,0
046M,,CUB,2018,MALE,0
046N,,CUB,2009,MALE,0
046P,,CUB,2008,FEMALE,11
046R,,CUB,2004,MALE,7
046V,,CUB,2015,FEMALE,0
046W,,CUB,2005,MALE,5
046Y,,CUB,2007,MALE,3
046Z,,CUB,2019,MALE,0
047A,,CUB,2014,FEMALE,0
047B,,CUB,2006,FEMALE,7
047E,,CUB,2013,FEMALE,0
047G,,CUB,2003,FEMALE,20
047K,,CUB,2012,FEMALE,0
047M,,CUB,2018,MALE,0
047N,,CUB,2009,FEMALE,0
047P,,CUB,2008,MALE,5
047R,,CUB,2004,FEMALE,4
047V,,CUB,2015,FEMALE,0
047W,,CUB,2005,FEMALE,36
047Y,,CUB,2007,FEMALE,6
048A,,CUB,2014,FEMALE,0
048B,,CUB,2006,FEMALE,10
048E,,CUB,2013,FEMALE,0
048G,,CUB,2003,FEMALE,0
048K,,CUB,2012,MALE,0
048M,,CUB,2018,MALE,0
048N,,CUB,2009,FEMALE,0
048P,,CUB,2008,FEMALE,6
048R,,CUB,2004,FEMALE,4
048V,,ADULT,2015,MALE,0
048W,,CUB,2005,FEMALE,12
048Y,,CUB,2007,FEMALE,12
049A,,CUB,2014,FEMALE,0
049B,,CUB,2006,FEMALE,12
049E,,CUB,2013,FEMALE,0
049G,,CUB,2003,FEMALE,0
049K,,CUB,2012,MALE,0
049M,,CUB,2018,FEMALE,0
049N,,CUB,2009,MALE,0
049P,,CUB,2008,FEMALE,7
049R,,CUB,2004,FEMALE,7
049V,,CUB,2015,MALE,0
049W,,CUB,2005,MALE,21
049Y,,CUB,2007,FEMALE,23
050A,,CUB,2014,MALE,0
050B,,CUB,2006,MALE,0
050E,,CUB,2013,FEMALE,0
050G,,CUB,2003,FEMALE,31
050K,,ADULT,2012,FEMALE,0
050M,,CUB,2018,MALE,0
050N,,CUB,2009,FEMALE,20
050P,,CUB,2008,FEMALE,0
050R,,CUB,2004,FEMALE,11
050V,,ADULT,2015,FEMALE,0
050W,,CUB,2005,MALE,23
050Y,,CUB,2007,MALE,12
051A,,CUB,2014,MALE,0
051B,,CUB,2006,FEMALE,11
051E,,CUB,2013,MALE,0
051G,,CUB,2003,MALE,6
051K,,ADULT,2012,FEMALE,0
051M,,CUB,2018,FEMALE,0
051N,,CUB,2009,MALE,8
051P,,CUB,2008,FEMALE,5
051R,,CUB,2004,MALE,38
051V,,ADULT,2015,FEMALE,0
051W,,CUB,2005,MALE,0
051Y,,CUB,2007,MALE,0
052A,,CUB,2014,MALE,0
052B,,CUB,2006,MALE,37
052E,,CUB,2013,FEMALE,0
052G,,CUB,2003,FEMALE,0
052K,,ADULT,2012,FEMALE,0
052M,,CUB,2018,FEMALE,0
052N,,CUB,2009,MALE,7
052P,,CUB,2008,FEMALE,3
052R,,CUB,2004,FEMALE,0
052W,,CUB,2005,MALE,7
052Y,,CUB,2007,MALE,16
053A,,CUB,2014,FEMALE,0
053B,,CUB,2006,MALE,10
053G,,CUB,2003,FEMALE,3
053K,,CUB,2012,MALE,0
053M,,CUB,2018,FEMALE,0
053N,,CUB,2009,MALE,5
053P,,CUB,2008,MALE,4
053R,,CUB,2004,MALE,11
053W,,CUB,2005,MALE,4
053Y,,CUB,2007,FEMALE,35
054A,,CUB,2014,FEMALE,0
054B,,CUB,2006,FEMALE,9
054G,,CUB,2003,MALE,24
054K,,CUB,2012,MALE,0
054M,,CUB,2018,MALE,0
054N,,CUB,2009,FEMALE,5
054P,,CUB,2008,FEMALE,13
054R,,CUB,2004,MALE,4
054W,,CUB,2005,FEMALE,13
054Y,,CUB,2007,MALE,9
055A,,CUB,2014,FEMALE,0
055B,,CUB,2006,FEMALE,15
055G,,CUB,2003,MALE,13
055M,,CUB,2018,MALE,0
055N,,CUB,2009,MALE,5
055P,,CUB,2008,FEMALE,9
055R,,CUB,2004,FEMALE,23
055W,,CUB,2005,FEMALE,2
055Y,,CUB,2007,FEMALE,21
056A,,CUB,2014,FEMALE,0
056B,,CUB,2006,MALE,11
056E,,CUB,2013,MALE,0
056G,,CUB,2003,FEMALE,1
056M,,CUB,2018,MALE,0
056N,,CUB,2009,FEMALE,0
056P,,CUB,2008,MALE,7
056R,,ADULT,2004,FEMALE,3
056W,,CUB,2005,FEMALE,24
056Y,,CUB,2007,FEMALE,9
057B,,CUB,2006,MALE,17
057G,,CUB,2003,MALE,5
057M,,CUB,2018,MALE,0
057N,,CUB,2009,FEMALE,0
057P,,CUB,2008,MALE,5
057R,,CUB,2004,MALE,15
057W,,CUB,2005,MALE,7
057Y,,CUB,2007,FEMALE,24
058B,,CUB,2006,MALE,13
058G,,CUB,2003,MALE,0
058M,,ADULT,2018,FEMALE,0
058P,,CUB,2008,MALE,3
058R,,CUB,2004,MALE,17
058W,,CUB,2005,FEMALE,3
058Y,,CUB,2007,FEMALE,12
059B,,CUB,2006,FEMALE,15
059G,,CUB,2003,MALE,5
059M,,ADULT,2018,FEMALE,0
059P,,CUB,2008,MALE,3
059R,,CUB,2004,FEMALE,10
059W,,CUB,2005,FEMALE,0
059Y,,ADULT,2007,MALE,12
060B,,CUB,2006,FEMALE,22
060G,,CUB,2003,FEMALE,4
060M,,CUB,2018,FEMALE,0
060P,,CUB,2008,MALE,11
060R,,CUB,2004,MALE,18
060W,,CUB,2005,MALE,2
060Y,,CUB,2007,FEMALE,2
061B,,CUB,2006,FEMALE,20
061G,,CUB,2003,MALE,14
061P,,CUB,2008,MALE,0
061R,,CUB,2004,MALE,4
061W,,CUB,2005,FEMALE,4
061Y,,CUB,2007,FEMALE,10
062B,,CUB,2006,FEMALE,3
062G,,CUB,2003,FEMALE,45
062P,,CUB,2008,MALE,6
062R,,CUB,2004,MALE,20
062W,,CUB,2005,FEMALE,20
062Y,,CUB,2007,FEMALE,5
063B,,CUB,2006,FEMALE,4
063G,,CUB,2003,MALE,7
063P,,CUB,2008,MALE,6
063R,,CUB,2004,FEMALE,24
063W,,CUB,2005,MALE,21
063Y,,CUB,2007,MALE,18
064B,,CUB,2006,FEMALE,0
064G,,ADULT,2003,MALE,23
064P,,CUB,2008,MALE,6
064R,,CUB,2004,MALE,3
064W,,CUB,2005,MALE,8
064Y,,CUB,2007,MALE,11
065B,,CUB,2006,FEMALE,22
065G,,CUB,2003,FEMALE,0
065P,,CUB,2008,MALE,6
065R,,CUB,2004,MALE,4
065W,,CUB,2005,FEMALE,12
065Y,,CUB,2007,FEMALE,23
066B,,CUB,2006,FEMALE,34
066G,,ADULT,2003,FEMALE,0
066P,,CUB,2008,MALE,0
066R,,CUB,2004,MALE,28
066W,,CUB,2005,FEMALE,10
066Y,,CUB,2007,FEMALE,7
067B,,,0,,0
067G,,CUB,2003,FEMALE,0
067P,,CUB,2008,FEMALE,9
067R,,CUB,2004,FEMALE,30
067W,,CUB,2005,FEMALE,38
067Y,,CUB,2007,FEMALE,24
068G,,CUB,2003,MALE,0
068P,,CUB,2008,FEMALE,4
068R,,CUB,2004,FEMALE,7
068W,,CUB,2005,MALE,2
068Y,,CUB,2007,MALE,7
069G,,CUB,2003,MALE,0
069P,,CUB,2008,FEMALE,12
069R,,CUB,2004,MALE,13
069W,,CUB,2005,MALE,45
069Y,,ADULT,2007,FEMALE,0
070G,,ADULT,2003,MALE,0
070P,,CUB,2008,FEMALE,13
070R,,CUB,2004,FEMALE,29
070W,,CUB,2005,MALE,4
070Y,,CUB,2007,MALE,5
071G,,ADULT,2003,MALE,0
071R,,CUB,2004,FEMALE,32
071W,,CUB,2005,FEMALE,5
072G,,CUB,2003,FEMALE,0
072R,,CUB,2004,FEMALE,7
072W,,CUB,2005,FEMALE,16
073R,,CUB,2004,FEMALE,8
073W,,CUB,2005,MALE,7
074R,,CUB,2004,MALE,2
074W,,CUB,2005,MALE,3
075R,,CUB,2004,FEMALE,2
075W,,CUB,2005,MALE,3
076R,,CUB,2004,FEMALE,34
076W,,CUB,2005,MALE,0
077R,,ADULT,2004,MALE,0
077W,,CUB,2005,FEMALE,18
078R,,CUB,2004,MALE,0
078W,,CUB,2005,MALE,2
079W,,CUB,2005,MALE,7
080W,,CUB,2005,FEMALE,13
081W,,CUB,2005,FEMALE,53
082W,,CUB,2005,FEMALE,10
083W,,CUB,2005,MALE,5
084W,,CUB,2005,FEMALE,8
085W,,CUB,2005,FEMALE,13
086W,,CUB,2005,FEMALE,1
087W,,CUB,2005,MALE,0
088W,,CUB,2005,MALE,0
089W,,CUB,2005,MALE,10
090W,,CUB,2005,MALE,0
091W,,CUB,2005,FEMALE,2
092W,,CUB,2005,FEMALE,0
093W,,CUB,2005,FEMALE,20
094W,,CUB,2005,FEMALE,17
095W,,CUB,2005,MALE,2
096W,,CUB,2005,FEMALE,11
097W,,CUB,2005,MALE,12
098W,,CUB,2005,FEMALE,12
099W,,CUB,2005,FEMALE,12
100W,,CUB,2005,FEMALE,21
101W,,CUB,2005,FEMALE,22
102W,,CUB,2005,MALE,7
103W,,CUB,2005,FEMALE,18
104W,,CUB,2005,FEMALE,31
A001,,,1989,FEMALE,0
A002,013273092,YEARLING,1989,FEMALE,33
A003,,YEARLING,1989,FEMALE,24
A004,,ADULT,1989,FEMALE,7
A005,,CUB,1989,MALE,0
A006,,CUB,1989,MALE,0
A007,,ADULT,1989,FEMALE,29
A008,,CUB,1989,MALE,0
A009,,CUB,1989,FEMALE,0
A010,,CUB,1989,FEMALE,1
A011,,CUB,1989,FEMALE,11
A012,,CUB,1989,MALE,7
A013,,CUB,1989,FEMALE,3
A014,,CUB,1989,FEMALE,23
A015,,CUB,1989,MALE,0
A016,,CUB,1989,MALE,0
A017,,CUB,1989,FEMALE,0
A018,,CUB,1989,FEMALE,0
A019,,CUB,1989,FEMALE,0
A020,,CUB,1989,FEMALE,0
A021,,CUB,1989,FEMALE,10
A022,,CUB,1989,MALE,0
A023,,CUB,1989,MALE,0
A024,,CUB,1989,FEMALE,3
A025,,CUB,1989,FEMALE,0
A026,,CUB,1989,MALE,0
A027,,CUB,1989,MALE,0
A028,,CUB,1989,MALE,0
A029,,CUB,1989,FEMALE,0
A030,,CUB,1989,FEMALE,13
A031,,CUB,1989,MALE,0
A032,,CUB,1989,MALE,0
A033,,CUB,1989,MALE,0
A034,,CUB,1989,MALE,2
A035,,CUB,1989,MALE,0
A036,,CUB,1989,MALE,0
A037,,CUB,1989,MALE,13
A038,,CUB,1989,MALE,16
A039,,CUB,1989,MALE,7
A040,,CUB,1989,MALE,0
A041,,CUB,1989,FEMALE,13
A042,,CUB,1989,MALE,13
A043,,CUB,1989,MALE,0
A044,,CUB,1989,FEMALE,0
A045,,CUB,1989,MALE,13
A046,,CUB,1989,FEMALE,10
A047,,CUB,1989,FEMALE,15
A048,,CUB,1989,MALE,0
A049,,CUB,1989,MALE,28
A050,,ADULT,1989,FEMALE,3
A051,012617884,CUB,1989,MALE,12
A052,,CUB,1989,MALE,8
A053,,CUB,1989,MALE,22
A054,,CUB,1989,MALE,12
A055,,CUB,1989,MALE,10
A056,,CUB,1989,FEMALE,8
A057,,CUB,1989,FEMALE,13
A058,,CUB,1989,MALE,14
A059,,CUB,1989,MALE,18
A060,,CUB,1989,FEMALE,0
A061,,CUB,1989,MALE,3
A062,,CUB,1989,FEMALE,12
A063,,CUB,1989,FEMALE,9
A064,,CUB,1989,FEMALE,14
A065,,CUB,1989,MALE,52
A066,,CUB,1989,MALE,19
A067,,CUB,1989,MALE,3
A068,,CUB,1989,MALE,14
A069,,CUB,1989,MALE,9
A070,,CUB,1989,MALE,0
A071,,CUB,1989,MALE,2
A072,,CUB,1989,FEMALE,6
A073,,CUB,1989,MALE,9
A074,012264806,CUB,1989,FEMALE,24
A075,,CUB,1989,FEMALE,4
A076,,CUB,1989,FEMALE,12
A077,,ADULT,1989,FEMALE,33
A078,,CUB,1989,MALE,10
A079,,YEARLING,1989,MALE,20
A080,,CUB,1989,FEMALE,9
A081,,CUB,1989,FEMALE,24
B001,,CUB,1980,MALE,14
B002,,CUB,1980,FEMALE,23
B003,,CUB,1980,MALE,0
B004,,CUB,1980,FEMALE,87
B005,,CUB,1980,MALE,0
B006,,CUB,1980,FEMALE,0
B007,,CUB,1980,MALE,12
B008,,CUB,1980,FEMALE,0
B009,,CUB,1980,FEMALE,23
B010,,CUB,1980,MALE,0
B011,,CUB,1980,MALE,0
B012,,CUB,1980,FEMALE,37
B013,,CUB,1980,MALE,16
B014,,ADULT,1980,FEMALE,14
B015,,CUB,1980,FEMALE,18
B016,,CUB,1980,FEMALE,9
B017,,CUB,1980,FEMALE,22
B018,,CUB,1980,FEMALE,22
B019,,CUB,1980,MALE,0
B020,,CUB,1980,MALE,11
B021,,CUB,1980,MALE,16
B022,,CUB,1980,FEMALE,14
B023,,CUB,1980,FEMALE,31
B024,,CUB,1980,FEMALE,0
B025,,CUB,1980,MALE,12
B026,,CUB,1980,MALE,24
B027,,CUB,1980,FEMALE,11
B028,,CUB,1980,MALE,0
B029,,YEARLING,1980,FEMALE,0
B030,,CUB,1980,MALE,0
B031,,CUB,1980,MALE,20
B032,,ADULT,1980,FEMALE,1
B033,,ADULT,1980,FEMALE,18
B034,,CUB,1980,FEMALE,72
B035,,CUB,1980,FEMALE,25
B036,,CUB,1980,FEMALE,33
B037,,ADULT,1980,FEMALE,2
B038,,CUB,1980,MALE,0
B039,,CUB,1980,MALE,22
B040,,CUB,1980,FEMALE,14
B041,,CUB,1980,MALE,80
B042,,CUB,1980,MALE,0
B043,,CUB,1980,MALE,34
B044,,ADULT,1980,MALE,20
B045,,CUB,1980,FEMALE,23
B046,,CUB,1980,FEMALE,0
C001,,YEARLING,1991,MALE,33
C002,,YEARLING,1991,FEMALE,0
C003,,ADULT,1991,MALE,80
C004,,ADULT,1991,MALE,0
C005,,CUB,1991,MALE,19
C006,,CUB,1991,FEMALE,20
C007,,CUB,1991,FEMALE,35
C008,,CUB,1991,FEMALE,2
C009,,CUB,1991,MALE,12
C010,,CUB,1991,MALE,30
C011,,CUB,1991,MALE,2
C012,,CUB,1991,MALE,36
C013,,CUB,1991,MALE,41
C014,,CUB,1991,MALE,12
C015,,CUB,1991,FEMALE,6
C016,010860306,CUB,1991,FEMALE,32
C017,,CUB,1991,FEMALE,12
C018,,CUB,1991,FEMALE,0
C019,,CUB,1991,FEMALE,2
C020,,CUB,1991,FEMALE,0
C021,,CUB,1991,MALE,2
C022,,CUB,1991,FEMALE,2
C023,014803065,,1991,FEMALE,29
C024,014371114,CUB,1991,FEMALE,25
C025,,CUB,1991,FEMALE,10
C026,,CUB,1991,FEMALE,4
C027,,CUB,1991,MALE,11
C028,,CUB,1991,FEMALE,2
C029,,CUB,1991,FEMALE,6
C030,,CUB,1991,FEMALE,11
C031,,CUB,1991,FEMALE,2
C032,,CUB,1991,FEMALE,11
C033,,CUB,1991,FEMALE,3
C034,,CUB,1991,MALE,7
C035,,CUB,1991,MALE,2
C036,,CUB,1991,MALE,19
C037,,CUB,1991,MALE,2
C038,,CUB,1991,FEMALE,17
C039,,CUB,1991,FEMALE,15
C040,,CUB,1991,MALE,24
C041,,CUB,1991,MALE,12
C042,,CUB,1991,FEMALE,0
C043,,CUB,1991,MALE,9
C044,,CUB,1991,FEMALE,10
C045,,CUB,1991,MALE,15
C046,014317552,CUB,1991,MALE,23
C047,,CUB,1991,FEMALE,9
C048,,CUB,1991,FEMALE,2
C049,,CUB,1991,MALE,15
C050,,CUB,1991,FEMALE,4
C051,,CUB,1991,FEMALE,33
C052,,CUB,1991,FEMALE,10
C053,013355266,CUB,1991,FEMALE,9
C054,,CUB,1991,FEMALE,10
C055,,CUB,1991,FEMALE,0
C056,,CUB,1991,FEMALE,12
C057,,CUB,1991,FEMALE,21
C058,,CUB,1991,FEMALE,10
C059,,CUB,1991,FEMALE,0
C060,,CUB,1991,FEMALE,32
C061,,CUB,1991,FEMALE,8
C062,012576001,CUB,1991,FEMALE,12
C063,,CUB,1991,FEMALE,0
C064,013283094,CUB,1991,MALE,21
C065,014297548,CUB,1991,MALE,22
C066,,CUB,1991,FEMALE,10
C067,,CUB,1991,FEMALE,23
C068,,CUB,1991,FEMALE,4
C069,014294069,CUB,1991,FEMALE,24
C070,,CUB,1991,MALE,8
C071,,CUB,1991,FEMALE,3
C072,,CUB,1991,FEMALE,17
C073,,CUB,1991,MALE,9
C074,,CUB,1991,FEMALE,25
C075,,CUB,1991,FEMALE,4
C076,,CUB,1991,FEMALE,0
C077,,CUB,1991,FEMALE,0
C078,,CUB,1991,MALE,10
C079,,CUB,1991,FEMALE,2
C080,,CUB,1991,FEMALE,12
C081,,CUB,1991,MALE,12
C082,,CUB,1991,FEMALE,0
C083,,CUB,1991,FEMALE,17
C084,,CUB,1991,MALE,0
C085,,CUB,1991,FEMALE,0
C086,,CUB,1991,FEMALE,55
C087,,CUB,1991,FEMALE,0
C088,,CUB,1991,MALE,0
C089,,CUB,1991,MALE,16
C090,,CUB,1991,MALE,9
C091,,CUB,1991,MALE,0
C092,,CUB,1991,MALE,23
C093,,CUB,1991,FEMALE,0
C094,,CUB,1991,FEMALE,0
C095,,CUB,1991,MALE,0
C096,,CUB,1991,FEMALE,0
C097,,CUB,1991,MALE,0
C098,,CUB,1991,MALE,27
C099,,CUB,1991,MALE,0
C100,,CUB,1991,MALE,8
C101,,CUB,1991,MALE,0
C102,,CUB,1991,FEMALE,9
C103,,CUB,1991,FEMALE,0
C104,,CUB,1991,FEMALE,0
C105,,CUB,1991,MALE,0
C106,,CUB,1991,MALE,6
C107,,CUB,1991,FEMALE,0
C108,,CUB,1991,FEMALE,0
C109,,CUB,1991,FEMALE,0
C110,,CUB,1991,FEMALE,12
C111,,CUB,1991,MALE,0
C112,,CUB,1991,MALE,0
C113,,CUB,1991,FEMALE,0
C114,,CUB,1991,MALE,22
C115,,CUB,1991,FEMALE,24
C116,,CUB,1991,MALE,0
C117,,CUB,1991,MALE,0
C118,,CUB,1991,MALE,0
C119,,CUB,1991,MALE,0
C120,,CUB,1991,MALE,0
C121,,CUB,1991,FEMALE,0
C122,,CUB,1991,FEMALE,19
C123,015355822,CUB,1991,FEMALE,37
C124,,CUB,1991,FEMALE,11
C125,,CUB,1991,FEMALE,0
C126,,CUB,1991,MALE,9
C127,,CUB,1991,FEMALE,13
C128,013288297,CUB,1991,MALE,24
C129,,CUB,1991,FEMALE,8
C130,,CUB,1991,FEMALE,18
C131,,CUB,1991,FEMALE,24
C132,,CUB,1991,FEMALE,3
C133,,CUB,1991,FEMALE,12
C134,,CUB,1991,MALE,0
C135,,CUB,1991,FEMALE,10
C136,,CUB,1991,MALE,0
C137,,CUB,1991,MALE,18
C138,,CUB,1991,FEMALE,23
CP001,,ADULT,1979,FEMALE,0
D001,015123011,YEARLING,1997,FEMALE,0
D002,015019552,ADULT,1997,MALE,0
D003,015118086,ADULT,1997,FEMALE,39
D004,,CUB,1997,MALE,5
D005,,CUB,1997,FEMALE,14
D006,,CUB,1997,MALE,8
D007,,CUB,1997,FEMALE,12
D008,,CUB,1997,FEMALE,9
D009,,CUB,1997,FEMALE,7
D010,,CUB,1997,FEMALE,17
D011,,CUB,1997,MALE,0
D012,,CUB,1997,MALE,0
D013,,CUB,1997,MALE,1
D014,,CUB,1997,MALE,3
D015,,CUB,1997,MALE,3
D016,,CUB,1997,MALE,1
D017,,CUB,1997,MALE,16
D018,,CUB,1997,MALE,0
D019,,CUB,1997,MALE,36
D020,,CUB,1997,FEMALE,37
D021,,CUB,1997,FEMALE,0
D022,,CUB,1997,MALE,0
D023,,CUB,1997,MALE,0
D024,,CUB,1997,FEMALE,12
D025,,CUB,1997,FEMALE,5
D026,,CUB,1997,MALE,11
D027,,CUB,1997,FEMALE,20
D028,,CUB,1997,FEMALE,8
D029,,CUB,1997,MALE,2
D030,,CUB,1997,MALE,10
D031,,CUB,1997,MALE,37
D032,,CUB,1997,FEMALE,0
D033,,CUB,1997,MALE,11
D034,,CUB,1997,FEMALE,6
D035,,CUB,1997,FEMALE,10
D036,,CUB,1997,MALE,8
D037,,CUB,1997,FEMALE,3
D038,,CUB,1997,MALE,10
D039,,CUB,1997,FEMALE,10
D040,,CUB,1997,FEMALE,8
D041,,CUB,1997,FEMALE,8
D042,,CUB,1997,MALE,0
D043,,CUB,1997,MALE,0
D044,,CUB,1997,FEMALE,5
D045,,CUB,1997,MALE,3
D046,,CUB,1997,FEMALE,4
D047,,CUB,1997,MALE,0
D048,,CUB,1997,FEMALE,0
D049,,CUB,1997,MALE,2
D050,,CUB,1997,FEMALE,4
D051,,CUB,1997,FEMALE,10
D052,,CUB,1997,FEMALE,7
D053,,CUB,1997,FEMALE,0
D054,,CUB,1997,MALE,0
D055,,CUB,1997,MALE,0
D056,,CUB,1997,MALE,0
D057,,CUB,1997,FEMALE,0
D058,,CUB,1997,FEMALE,11
D059,,CUB,1997,FEMALE,34
D060,,CUB,1997,FEMALE,23
D061,,CUB,1997,FEMALE,10
D062,,CUB,1997,MALE,3
D063,,CUB,1997,MALE,6
D064,,CUB,1997,FEMALE,11
D065,,CUB,1997,MALE,4
D066,,CUB,1997,MALE,12
D067,,CUB,1997,MALE,7
D068,,CUB,1997,MALE,12
D069,,CUB,1997,FEMALE,7
D070,,CUB,1997,MALE,7
D071,,CUB,1997,FEMALE,48
D072,,CUB,1997,FEMALE,28
D073,,CUB,1997,MALE,12
D074,,ADULT,1997,MALE,7
D075,,CUB,1997,MALE,2
D076,,CUB,1997,FEMALE,2
D077,,CUB,1997,FEMALE,59
D078,,CUB,1997,FEMALE,5
D079,,CUB,1997,MALE,16
D080,,CUB,1997,FEMALE,9
D081,,CUB,1997,FEMALE,12
D082,,CUB,1997,FEMALE,12
D083,,CUB,1997,FEMALE,22
D084,013065120,CUB,1997,FEMALE,12
D085,,CUB,1997,MALE,0
E001,,YEARLING,1988,FEMALE,0
E002,,ADULT,1988,MALE,9
E003,,ADULT,1988,MALE,3
E004,,ADULT,1988,MALE,24
E005,,YEARLING,1988,MALE,7
E006,,YEARLING,1988,FEMALE,51
E007,,YEARLING,1988,MALE,44
E008,,YEARLING,1988,FEMALE,13
E009,,ADULT,1988,FEMALE,0
E010,,YEARLING,1988,MALE,12
E011,,ADULT,1988,FEMALE,19
E012,,CUB,1988,MALE,8
E013,,CUB,1988,MALE,0
E014,,CUB,1988,FEMALE,20
E015,,CUB,1988,MALE,3
E016,,CUB,1988,FEMALE,15
E017,,CUB,1988,MALE,0
E018,,CUB,1988,FEMALE,0
E019,,CUB,1988,MALE,0
E020,,CUB,1988,MALE,22
E021,,ADULT,1988,FEMALE,0
E022,,CUB,1988,MALE,9
E023,,CUB,1988,FEMALE,39
E024,,CUB,1988,MALE,14
E025,,CUB,1988,FEMALE,2
E026,,CUB,1988,MALE,2
E027,,CUB,1988,MALE,20
E028,,CUB,1988,MALE,0
E029,,CUB,1988,MALE,0
E030,,CUB,1988,MALE,33
E031,,CUB,1988,MALE,0
E032,,CUB,1988,FEMALE,10
E033,,CUB,1988,MALE,8
E034,,CUB,1988,MALE,10
E035,,ADULT,1988,MALE,4
E036,,CUB,1988,MALE,6
E037,,CUB,1988,FEMALE,4
E038,,CUB,1988,FEMALE,8
E039,,CUB,1988,FEMALE,8
E040,,CUB,1988,MALE,0
E041,,CUB,1988,MALE,25
E042,,CUB,1988,FEMALE,36
E043,,CUB,1988,FEMALE,2
E044,,CUB,1988,FEMALE,12
E045,,CUB,1988,FEMALE,56
E046,,CUB,1988,MALE,13
E047,,CUB,1988,MALE,3
E048,,CUB,1988,MALE,4
E049,,CUB,1988,FEMALE,0
E050,,CUB,1988,MALE,12
E051,,CUB,1988,FEMALE,8
E052,,CUB,1988,FEMALE,34
E053,,CUB,1988,MALE,10
E054,,CUB,1988,MALE,8
E055,,CUB,1988,FEMALE,10
E056,,CUB,1988,FEMALE,0
E057,,CUB,1988,MALE,4
E058,,CUB,1988,FEMALE,24
E059,,CUB,1988,FEMALE,23
E060,,CUB,1988,FEMALE,26
E061,,CUB,1988,MALE,22
E062,,CUB,1988,MALE,10
E063,,CUB,1988,FEMALE,24
E064,,CUB,1988,FEMALE,20
E065,,CUB,1988,FEMALE,31
E066,,CUB,1988,FEMALE,8
E067,,CUB,1988,MALE,12
E068,,CUB,1988,MALE,37
E069,,CUB,1988,FEMALE,10
E070,,CUB,1988,MALE,12
E071,,CUB,1988,FEMALE,10
E072,,CUB,1988,FEMALE,15
E073,,CUB,1988,FEMALE,13
E074,,CUB,1988,MALE,10
E075,,CUB,1988,FEMALE,3
E076,,CUB,1988,MALE,16
E077,,CUB,1988,FEMALE,9
E078,,CUB,1988,FEMALE,3
E079,,CUB,1988,FEMALE,8
E080,,CUB,1988,FEMALE,12
E081,,CUB,1988,MALE,4
E082,,CUB,1988,FEMALE,12
E083,,CUB,1988,MALE,21
E084,,CUB,1988,MALE,3
E085,,CUB,1988,MALE,4
E086,,CUB,1988,MALE,17
E087,,CUB,1988,FEMALE,12
E088,,CUB,1988,MALE,10
E089,,CUB,1988,FEMALE,32
E090,,CUB,1988,MALE,11
E091,,CUB,1988,FEMALE,2
E092,,CUB,1988,FEMALE,48
E093,,CUB,1988,MALE,8
E094,,CUB,1988,FEMALE,12
E095,,CUB,1988,MALE,0
E096,,ADULT,1988,MALE,19
E097,,CUB,1988,MALE,10
E098,,CUB,1988,MALE,9
E099,,ADULT,1988,FEMALE,0
E100,,YEARLING,1988,FEMALE,5
E101,,YEARLING,1988,MALE,7
E102,,YEARLING,1988,FEMALE,3
E103,,YEARLING,1988,FEMALE,24
E104,,YEARLING,1988,MALE,5
E105,,ADULT,1988,FEMALE,0
E106,,YEARLING,1988,FEMALE,26
F001,,CUB,1985,FEMALE,6
F002,,CUB,1985,MALE,9
F003,,CUB,1985,FEMALE,6
F004,,CUB,1985,MALE,11
F005,,CUB,1985,FEMALE,60
F006,,CUB,1985,MALE,3
F007,,CUB,1985,FEMALE,20
F008,,CUB,1985,FEMALE,1
F009,,CUB,1985,MALE,6
F010,,CUB,1985,MALE,3
F011,,CUB,1985,FEMALE,15
F012,,CUB,1985,FEMALE,4
F013,,CUB,1985,FEMALE,27
F014,,CUB,1985,MALE,14
F015,,CUB,1985,FEMALE,14
F016,,CUB,1985,FEMALE,3
F017,,CUB,1985,FEMALE,6
F018,,CUB,1985,MALE,0
F019,,CUB,1985,MALE,9
F020,,CUB,1985,MALE,6
F021,,CUB,1985,MALE,0
F022,,CUB,1985,MALE,12
F023,,CUB,1985,FEMALE,28
F024,,CUB,1985,MALE,6
F025,,CUB,1985,MALE,9
F026,,CUB,1985,FEMALE,4
F027,,CUB,1985,MALE,6
F028,,CUB,1985,MALE,12
F029,,CUB,1985,MALE,3
F030,,CUB,1985,MALE,19
F031,,CUB,1985,MALE,1
F032,,CUB,1985,FEMALE,9
F033,,CUB,1985,FEMALE,14
F034,,CUB,1985,MALE,6
F035,,CUB,1985,MALE,0
F036,,CUB,1985,MALE,3
F037,,CUB,1985,MALE,3
F038,,CUB,1985,FEMALE,21
F039,,CUB,1985,FEMALE,4
F040,,CUB,1985,FEMALE,5
F041,,CUB,1985,MALE,19
F042,,CUB,1985,MALE,9
F043,,CUB,1985,MALE,26
F044,,CUB,1985,FEMALE,6
F045,,CUB,1985,MALE,25
F046,,ADULT,1985,FEMALE,37
F047,,ADULT,1985,MALE,64
F048,,CUB,1985,FEMALE,23
F049,,CUB,1985,MALE,15
F050,,CUB,1985,FEMALE,12
F051,,CUB,1985,MALE,9
F052,,CUB,1985,FEMALE,35
F053,,CUB,1985,FEMALE,18
F054,,ADULT,1985,FEMALE,0
F055,,CUB,1985,MALE,4
F056,,CUB,1985,FEMALE,12
F057,,CUB,1985,MALE,26
F058,,CUB,1985,FEMALE,6
F059,,CUB,1985,MALE,9
F060,,CUB,1985,FEMALE,20
F061,,CUB,1985,FEMALE,6
F062,,CUB,1985,MALE,3
F063,,CUB,1985,FEMALE,12
F064,,CUB,1985,MALE,4
F065,,CUB,1985,MALE,3
F066,,CUB,1985,MALE,4
F067,,CUB,1985,MALE,30
F068,,CUB,1985,MALE,10
F069,,YEARLING,1985,MALE,39
F070,,CUB,1985,MALE,2
F071,,CUB,1985,MALE,4
F072,,CUB,1985,FEMALE,26
F073,,CUB,1985,MALE,52
F074,,CUB,1985,MALE,29
F075,,CUB,1985,FEMALE,47
F076,,CUB,1985,MALE,10
F077,,CUB,1985,FEMALE,19
F078,,ADULT,1985,MALE,11
F079,,CUB,1985,FEMALE,28
F093,,YEARLING,1984,FEMALE,0
F094,,ADULT,1984,MALE,10
F095,,YEARLING,1984,FEMALE,44
F096,,YEARLING,1984,MALE,1
F097,,CUB,1984,MALE,0
F098,,CUB,1984,FEMALE,33
G001,,ADULT,1976,FEMALE,0
G002,,ADULT,1976,FEMALE,0
G003,,ADULT,1977,MALE,8
G004,,ADULT,1977,MALE,7
G005,,ADULT,1977,MALE,2
G006,,ADULT,1977,FEMALE,0
G007,,YEARLING,1977,FEMALE,0
G008,,YEARLING,1977,MALE,0
G009,,CUB,1977,FEMALE,53
G010,,ADULT,1977,MALE,2
G011,,CUB,1977,FEMALE,25
G012,,CUB,1977,MALE,0
G013,,ADULT,1977,FEMALE,50
G014,,CUB,1977,FEMALE,0
G015,,CUB,1977,MALE,8
G017,,ADULT,1977,FEMALE,28
G018,,CUB,1977,MALE,0
G019,,ADULT,1977,FEMALE,13
G020,,ADULT,1977,FEMALE,14
G021,,ADULT,1977,FEMALE,24
G024,,CUB,1977,FEMALE,24
G025,,ADULT,1977,FEMALE,10
G026,,CUB,1977,FEMALE,0
G027,,CUB,1977,MALE,0
G028,,CUB,1977,MALE,9
G029,,CUB,1977,MALE,12
G030,,ADULT,1977,MALE,12
G031,,ADULT,1977,FEMALE,49
G032,,ADULT,1977,MALE,11
G033,,ADULT,1977,FEMALE,0
G034,,CUB,1977,MALE,25
G035,,CUB,1977,FEMALE,9
G036,,CUB,1977,MALE,0
G037,,CUB,1977,FEMALE,0
G038,,CUB,1977,FEMALE,0
G039,,CUB,1977,FEMALE,0
G042,,ADULT,1977,FEMALE,0
G043,,CUB,1977,MALE,0
G044,,ADULT,1976,FEMALE,12
G046,,ADULT,1977,FEMALE,48
G048,,CUB,1977,MALE,15
G049,,ADULT,1977,FEMALE,0
G050,,YEARLING,1978,MALE,4
G071,,CUB,1985,FEMALE,10
G072,,CUB,1985,MALE,0
G073,,ADULT,1985,FEMALE,34
GX001,,ADULT,1976,FEMALE,0
GX002,,ADULT,1976,MALE,15
GX003,,ADULT,1976,FEMALE,0
GX004,,ADULT,1976,FEMALE,0
GX005,,ADULT,1976,FEMALE,0
GX006,,ADULT,1976,MALE,0
GX007,,ADULT,1976,FEMALE,0
GX009,,ADULT,1976,FEMALE,0
H001,,ADULT,1979,MALE,12
H002,,ADULT,1995,MALE,12
H003,,ADULT,1995,MALE,78
H004,,CUB,1995,FEMALE,0
H005,,CUB,1995,MALE,6
H006,,ADULT,1995,FEMALE,12
H007,,CUB,1995,FEMALE,2
H008,014315262,CUB,1995,FEMALE,10
H009,,CUB,1995,FEMALE,0
H010,,CUB,1995,FEMALE,0
H011,,CUB,1995,MALE,0
H012,,CUB,1995,FEMALE,0
H013,,CUB,1995,MALE,0
H014,,CUB,1995,FEMALE,28
H015,015123007,CUB,1995,FEMALE,26
H016,,CUB,1995,MALE,7
H017,,CUB,1995,MALE,0
H018,,CUB,1995,MALE,0
H019,,CUB,1995,MALE,9
H020,,CUB,1995,MALE,11
H021,,CUB,1995,FEMALE,0
H022,,CUB,1995,FEMALE,0
H023,,CUB,1995,MALE,0
H024,,CUB,1995,MALE,2
H025,,CUB,1995,FEMALE,0
H026,,CUB,1995,FEMALE,0
H027,012070544,CUB,1995,FEMALE,16
H028,014077520,CUB,1995,MALE,17
H029,012049374,CUB,1995,FEMALE,19
H030,,CUB,1995,MALE,2
H031,011773315,CUB,1995,MALE,15
H032,013328045,CUB,1995,MALE,12
H033,,CUB,1995,MALE,5
H034,,CUB,1995,MALE,0
H035,,CUB,1995,FEMALE,0
H036,,CUB,1995,FEMALE,0
H037,,CUB,1995,FEMALE,2
H038,,CUB,1995,FEMALE,4
H039,,CUB,1995,FEMALE,4
H040,,CUB,1995,FEMALE,12
H041,,CUB,1995,FEMALE,6
H042,,CUB,1995,FEMALE,2
H043,011609107,CUB,1995,FEMALE,10
H044,015352814,CUB,1995,FEMALE,11
H045,,CUB,1995,FEMALE,0
H046,013587309,CUB,1995,FEMALE,22
H047,013807037,CUB,1995,MALE,12
H048,,CUB,1995,FEMALE,3
H049,,ADULT,1995,FEMALE,0
H050,,CUB,1995,MALE,4
H051,014313116,CUB,1995,MALE,21
H052,,CUB,1995,MALE,0
H053,014318857,CUB,1995,FEMALE,11
H054,013352286,CUB,1995,FEMALE,33
H055,,CUB,1995,FEMALE,8
H056,,CUB,1995,MALE,2
H057,,CUB,1995,FEMALE,36
H058,,CUB,1995,MALE,4
H059,,CUB,1995,MALE,14
H060,,CUB,1995,FEMALE,9
H061,013628005,CUB,1995,FEMALE,33
H062,,CUB,1995,FEMALE,9
H063,014554614,CUB,1995,MALE,19
H064,,CUB,1995,FEMALE,9
H065,,CUB,1995,FEMALE,25
H066,015058537,CUB,1995,MALE,24
H067,,CUB,1995,MALE,38
H068,,ADULT,1995,MALE,0
H069,014615803,CUB,1995,FEMALE,21
H070,011867372,CUB,1995,FEMALE,9
H071,,CUB,1995,MALE,6
H072,,ADULT,1995,MALE,2
H073,,ADULT,1995,MALE,0
H074,,CUB,1995,MALE,1
H075,,CUB,1995,FEMALE,0
H076,,CUB,1995,FEMALE,6
H077,015325533,CUB,1995,FEMALE,12
H078,,CUB,1995,MALE,9
I001,,ADULT,2002,MALE,0
I002,,ADULT,2002,MALE,21
I003,,CUB,2002,FEMALE,4
I004,,CUB,2002,MALE,11
I005,,CUB,2002,FEMALE,2
I006,,CUB,2002,FEMALE,2
I007,,CUB,2002,MALE,12
I008,,CUB,2002,FEMALE,10
I009,,ADULT,2002,MALE,12
I010,,CUB,2002,FEMALE,0
I011,,CUB,2002,FEMALE,5
I012,,CUB,2002,FEMALE,27
I013,,CUB,2002,FEMALE,4
I014,,CUB,2002,MALE,7
I015,,CUB,2002,FEMALE,2
I016,,CUB,2002,MALE,28
I017,,CUB,2002,FEMALE,6
I018,,CUB,2002,MALE,13
I019,,CUB,2002,FEMALE,21
I020,,CUB,2002,MALE,17
I021,,CUB,2002,MALE,0
I022,,CUB,2002,FEMALE,6
I023,,CUB,2002,MALE,0
I024,,ADULT,2002,FEMALE,14
I025,,CUB,2002,FEMALE,0
I026,,CUB,2002,MALE,0
I027,,CUB,2002,FEMALE,17
I028,,CUB,2002,MALE,0
I029,,CUB,2002,MALE,0
I030,,CUB,2002,FEMALE,5
I031,,CUB,2002,MALE,0
I032,,CUB,2002,FEMALE,0
I033,,CUB,2002,FEMALE,0
I034,,ADULT,2002,MALE,2
I035,,CUB,2002,FEMALE,18
I036,,CUB,2002,FEMALE,0
I037,,CUB,2002,FEMALE,7
I038,,CUB,2002,FEMALE,0
I039,,CUB,2002,FEMALE,4
I040,,CUB,2002,FEMALE,7
I041,,CUB,2002,MALE,0
I042,,ADULT,2002,FEMALE,7
I043,,CUB,2002,FEMALE,5
I044,,CUB,2002,FEMALE,0
I045,,CUB,2002,FEMALE,21
I046,,ADULT,2002,MALE,13
I047,,CUB,2002,FEMALE,7
I048,,CUB,2002,MALE,7
I049,,CUB,2002,MALE,22
I050,,CUB,2002,FEMALE,5
I051,,ADULT,2002,FEMALE,0
I052,,CUB,2002,MALE,29
J001,,YEARLING,1998,MALE,4
J002,,CUB,1998,FEMALE,4
J003,,CUB,1998,FEMALE,12
J004,,CUB,1998,MALE,0
J005,,CUB,1998,MALE,20
J006,,CUB,1998,MALE,8
J007,,CUB,1998,MALE,7
J008,,CUB,1998,MALE,23
J009,,CUB,1998,FEMALE,0
J010,,CUB,1998,MALE,10
J011,,CUB,1998,MALE,4
J012,,CUB,1998,FEMALE,7
J013,,CUB,1998,MALE,25
J014,,CUB,1998,FEMALE,5
J015,,CUB,1998,FEMALE,15
J016,,CUB,1998,FEMALE,23
J017,,CUB,1998,FEMALE,22
J018,,CUB,1998,FEMALE,2
J019,,CUB,1998,MALE,6
J020,,CUB,1998,FEMALE,10
J021,,CUB,1998,FEMALE,7
J022,,CUB,1998,FEMALE,16
J023,,CUB,1998,MALE,10
J024,,CUB,1998,FEMALE,4
J025,,CUB,1998,MALE,2
J026,,CUB,1998,MALE,6
J027,,CUB,1998,FEMALE,2
J028,,CUB,1998,FEMALE,12
J029,,CUB,1998,FEMALE,12
J030,,CUB,1998,MALE,1
J031,,CUB,1998,MALE,4
J032,,CUB,1998,MALE,0
J033,,CUB,1998,MALE,12
J034,,CUB,1998,FEMALE,12
J035,,CUB,1998,FEMALE,12
J036,,CUB,1998,FEMALE,4
J037,,,1998,FEMALE,12
J038,,CUB,1998,MALE,0
J039,,CUB,1998,MALE,7
J040,,CUB,1998,FEMALE,8
J041,,CUB,1998,MALE,10
J042,,CUB,1998,FEMALE,10
J043,,CUB,1998,MALE,0
J044,,CUB,1998,MALE,36
J045,,CUB,1998,MALE,2
J046,,CUB,1998,MALE,2
J047,,CUB,1998,FEMALE,0
J048,,CUB,1998,FEMALE,3
J049,,CUB,1998,MALE,5
J050,,CUB,1998,MALE,10
J051,,CUB,1998,MALE,8
J052,,CUB,1998,FEMALE,11
J053,,CUB,1998,MALE,12
J054,,CUB,1998,FEMALE,36
J055,,CUB,1998,MALE,15
J056,,CUB,1998,MALE,21
J057,,CUB,1998,MALE,0
J058,,CUB,1998,MALE,14
J059,,CUB,1998,FEMALE,1
J060,,CUB,1998,FEMALE,45
J061,,CUB,1998,FEMALE,0
J062,,CUB,1998,MALE,8
J063,,CUB,1998,MALE,15
J064,,CUB,1998,MALE,10
J065,,CUB,1998,FEMALE,5
J066,,CUB,1998,MALE,5
J067,,CUB,1998,FEMALE,13
J068,,CUB,1998,MALE,12
J069,,CUB,1998,FEMALE,13
J070,,CUB,1998,MALE,11
J071,,CUB,1998,MALE,6
J072,,CUB,1998,FEMALE,8
J073,,CUB,1998,MALE,3
J074,,CUB,1998,FEMALE,7
J075,,CUB,1998,MALE,4
J076,,CUB,1998,MALE,6
J077,,CUB,1998,FEMALE,4
J078,,CUB,1998,FEMALE,22
J079,,CUB,1998,FEMALE,20
J080,,CUB,1998,MALE,8
J081,,CUB,1998,MALE,113
J082,,CUB,1998,FEMALE,10
J083,,CUB,1998,MALE,15
J084,,CUB,1998,FEMALE,6
J085,,CUB,1998,FEMALE,15
J086,,CUB,1998,FEMALE,2
J087,,CUB,1998,FEMALE,22
J088,,CUB,1998,MALE,5
J089,,CUB,1998,MALE,0
J090,,CUB,1998,MALE,7
J091,,CUB,1998,FEMALE,35
J092,,CUB,1998,MALE,12
J093,,CUB,1998,MALE,67
J094,,CUB,1998,MALE,14
J095,,CUB,1998,MALE,14
J096,,ADULT,1998,FEMALE,18
J097,,ADULT,1998,MALE,1
J099,,CUB,1998,MALE,12
J100,,CUB,1998,FEMALE,0
K001,,ADULT,1987,MALE,7
K002,012586789,YEARLING,1987,FEMALE,15
K003,,CUB,1987,FEMALE,3
K004,,CUB,1987,MALE,16
K005,,CUB,1987,MALE,11
K006,,CUB,1987,MALE,8
K007,,CUB,1987,FEMALE,14
K008,,CUB,1987,MALE,0
K009,,CUB,1987,FEMALE,8
K010,,CUB,1987,MALE,0
K011,,CUB,1987,MALE,15
K012,,CUB,1987,MALE,10
K013,,CUB,1987,FEMALE,3
K014,,CUB,1987,FEMALE,0
K015,,CUB,1987,FEMALE,21
K016,,CUB,1987,MALE,3
K017,,CUB,1987,FEMALE,16
K018,,CUB,1987,MALE,0
K019,,CUB,1987,FEMALE,23
K020,,CUB,1987,FEMALE,33
K021,,CUB,1987,MALE,12
K022,,CUB,1987,FEMALE,0
K023,,CUB,1987,MALE,6
K024,,CUB,1987,FEMALE,5
K025,,CUB,1987,FEMALE,0
K026,,CUB,1987,MALE,3
K027,,CUB,1987,MALE,2
K028,,CUB,1987,FEMALE,3
K029,,CUB,1987,MALE,0
K030,,CUB,1987,FEMALE,8
K031,,CUB,1987,MALE,0
K032,014845043,CUB,1987,FEMALE,26
K033,013359330,CUB,1987,FEMALE,36
K034,,CUB,1987,FEMALE,0
K035,,CUB,1987,FEMALE,0
K036,,CUB,1987,FEMALE,0
K037,,CUB,1987,MALE,24
K038,,CUB,1987,MALE,16
K039,,CUB,1987,MALE,11
K040,,CUB,1987,FEMALE,45
K041,,CUB,1987,FEMALE,6
K042,,CUB,1987,FEMALE,43
K043,,CUB,1987,MALE,12
K044,,CUB,1987,MALE,58
K045,,ADULT,1987,MALE,21
K046,,CUB,1987,FEMALE,23
K047,,CUB,1987,FEMALE,54
K048,,CUB,1987,MALE,18
K049,,ADULT,1987,FEMALE,16
K050,,CUB,1987,MALE,8
K051,,CUB,1987,FEMALE,61
K052,,ADULT,1987,FEMALE,43
K053,,CUB,1987,FEMALE,6
K054,,CUB,1987,MALE,15
K055,,CUB,1987,FEMALE,0
K056,,CUB,1987,MALE,12
K057,,CUB,1987,FEMALE,16
K058,,CUB,1987,FEMALE,6
K059,,CUB,1987,MALE,17
K060,,CUB,1987,MALE,0
K061,,CUB,1987,MALE,0
K062,,CUB,1987,FEMALE,12
K063,,CUB,1987,FEMALE,14
K064,012088052,CUB,1987,FEMALE,39
K065,,CUB,1987,FEMALE,13
K066,,YEARLING,1987,FEMALE,16
K067,,CUB,1987,FEMALE,0
K068,,CUB,1987,FEMALE,62
K069,,CUB,1987,FEMALE,17
K070,,CUB,1987,MALE,7
K071,,CUB,1987,MALE,13
K072,,CUB,1987,FEMALE,11
K073,,CUB,1987,FEMALE,25
K074,,CUB,1987,MALE,13
K075,,CUB,1987,FEMALE,9
K076,,CUB,1987,MALE,3
K077,,CUB,1987,FEMALE,21
K078,,CUB,1987,FEMALE,13
K079,,YEARLING,1988,FEMALE,13
K080,,CUB,1987,FEMALE,42
K081,,CUB,1987,FEMALE,8
K082,,CUB,1987,MALE,64
K083,,CUB,1987,FEMALE,9
K084,,ADULT,1988,MALE,4
K085,,CUB,1987,FEMALE,52
K086,,CUB,1987,FEMALE,3
K087,,CUB,1987,MALE,8
K088,,CUB,1987,FEMALE,75
K089,,ADULT,1987,MALE,4
K090,,ADULT,1987,FEMALE,11
K091,,YEARLING,1987,FEMALE,19
K092,,ADULT,1987,MALE,25
K093,,ADULT,1987,FEMALE,17
L001,,ADULT,1986,MALE,12
L002,,ADULT,1986,MALE,16
L003,,ADULT,1986,FEMALE,3
L004,,YEARLING,1986,FEMALE,0
L005,,ADULT,1986,MALE,17
L006,,ADULT,1986,MALE,15
L007,,YEARLING,1986,MALE,9
L008,,CUB,1986,MALE,9
L009,,CUB,1986,FEMALE,0
L010,,CUB,1986,FEMALE,37
L011,,CUB,1986,FEMALE,22
L012,,CUB,1986,FEMALE,9
L013,,CUB,1986,MALE,9
L014,,CUB,1986,MALE,3
L015,,CUB,1986,FEMALE,0
L016,,ADULT,1986,FEMALE,52
L017,,ADULT,1986,FEMALE,12
L018,,CUB,1986,MALE,17
L019,,CUB,1986,FEMALE,15
L020,,CUB,1986,FEMALE,0
L021,,CUB,1986,FEMALE,58
L022,,CUB,1986,FEMALE,12
L023,,ADULT,1986,MALE,12
L024,,CUB,1986,MALE,0
L025,,CUB,1986,FEMALE,12
L026,,CUB,1986,MALE,49
L027,,CUB,1986,MALE,0
L028,,CUB,1986,MALE,16
L029,,CUB,1986,FEMALE,0
L030,,CUB,1986,FEMALE,25
L031,,CUB,1986,MALE,27
L032,,CUB,1986,MALE,24
L033,,CUB,1986,MALE,19
L034,,ADULT,1986,MALE,19
L035,,ADULT,1986,FEMALE,9
L036,,CUB,1986,MALE,0
L037,,ADULT,1986,MALE,12
L038,,ADULT,1986,MALE,25
L039,,CUB,1986,MALE,86
L040,,CUB,1986,FEMALE,11
L041,,ADULT,1986,FEMALE,19
L042,,CUB,1986,FEMALE,24
L043,,CUB,1986,MALE,24
L044,,ADULT,1986,FEMALE,0
L045,,CUB,1986,MALE,22
L046,,CUB,1986,FEMALE,0
L047,,CUB,1986,FEMALE,12
L048,,ADULT,1986,FEMALE,0
L049,,CUB,1986,FEMALE,26
L050,,CUB,1986,FEMALE,21
L051,,CUB,1986,FEMALE,3
L052,,CUB,1986,MALE,0
L053,,CUB,1986,FEMALE,13
L054,012612317,CUB,1986,MALE,14
L055,,CUB,1986,MALE,3
L056,,CUB,1986,MALE,13
L057,,CUB,1986,FEMALE,6
L058,,CUB,1986,MALE,3
L059,,CUB,1986,MALE,9
L060,,CUB,1986,FEMALE,0
L061,,CUB,1986,MALE,14
L062,,CUB,1986,FEMALE,3
L063,,CUB,1986,FEMALE,10
L064,,CUB,1986,MALE,9
L065,,CUB,1986,FEMALE,17
L066,,CUB,1986,FEMALE,13
L067,,CUB,1986,FEMALE,0
L068,,CUB,1986,MALE,3
L069,,CUB,1986,FEMALE,0
L070,,CUB,1986,FEMALE,34
L071,,CUB,1986,FEMALE,44
L072,,CUB,1986,FEMALE,12
L073,,CUB,1986,FEMALE,24
L074,,CUB,1986,FEMALE,21
L075,,CUB,1986,MALE,0
L076,,ADULT,1986,MALE,0
L077,,ADULT,1986,MALE,0
L078,,ADULT,1986,MALE,0
L079,,CUB,1986,MALE,3
L080,,CUB,1986,FEMALE,13
L081,,CUB,1986,MALE,1
M001,,ADULT,1993,FEMALE,64
M002,,YEARLING,1993,FEMALE,48
M003,,CUB,1993,MALE,39
M004,,CUB,1993,MALE,25
M005,,CUB,1993,FEMALE,2
M006,,CUB,1993,MALE,2
M007,,CUB,1993,FEMALE,4
M008,,CUB,1993,MALE,0
M009,013347362,CUB,1993,MALE,14
M010,,CUB,1993,MALE,17
M011,,CUB,1993,MALE,5
M012,011872332,CUB,1993,FEMALE,11
M013,015353801,CUB,1993,FEMALE,25
M014,,CUB,1993,MALE,5
M015,,CUB,1993,MALE,12
M016,,CUB,1993,MALE,3
M017,,CUB,1993,MALE,5
M018,,CUB,1993,MALE,3
M019,,CUB,1993,FEMALE,3
M020,,CUB,1993,MALE,0
M021,012338826,CUB,1993,MALE,25
M022,,CUB,1993,MALE,0
M023,,CUB,1993,MALE,13
M024,,CUB,1993,FEMALE,13
M025,,CUB,1993,MALE,0
M026,,CUB,1993,MALE,10
M027,012848355,CUB,1993,FEMALE,38
M028,,CUB,1993,FEMALE,0
M029,,CUB,1993,FEMALE,8
M030,010331338,CUB,1993,FEMALE,20
M031,013299600,CUB,1993,MALE,7
M032,,CUB,1993,MALE,10
M033,,CUB,1993,FEMALE,3
M034,012118777,CUB,1993,MALE,11
M035,013105836,CUB,1993,FEMALE,26
M036,,CUB,1993,MALE,9
M037,012050123,CUB,1993,FEMALE,21
M038,,CUB,1993,MALE,0
M039,,CUB,1993,FEMALE,0
M040,,CUB,1993,MALE,0
M041,,CUB,1993,FEMALE,2
M042,,CUB,1993,FEMALE,29
M043,015310567,CUB,1993,FEMALE,11
M044,,CUB,1993,MALE,6
M045,,CUB,1993,MALE,12
M046,,CUB,1993,MALE,0
M047,,CUB,1993,FEMALE,44
M048,,CUB,1993,MALE,6
M049,,CUB,1993,MALE,1
M050,,CUB,1993,MALE,8
M051,,CUB,1993,MALE,5
M052,,CUB,1993,MALE,22
M053,,CUB,1993,FEMALE,0
M054,,CUB,1993,MALE,0
M055,,CUB,1993,FEMALE,11
M056,,CUB,1993,FEMALE,8
M057,,CUB,1993,MALE,8
M058,014773098,CUB,1993,FEMALE,21
M059,,CUB,1993,FEMALE,23
M060,,CUB,1993,MALE,8
M061,014348542,CUB,1993,FEMALE,26
M062,,CUB,1993,MALE,7
M063,,CUB,1993,MALE,3
M064,012369092,CUB,1993,FEMALE,15
M065,,CUB,1993,MALE,3
M066,,CUB,1993,MALE,0
M067,,CUB,1993,MALE,0
M068,013065120,CUB,1993,MALE,12
M069,,CUB,1993,FEMALE,0
M070,,CUB,1993,MALE,0
M071,,CUB,1993,MALE,13
M072,015265574,CUB,1993,FEMALE,24
M073,,CUB,1993,FEMALE,12
M074,,CUB,1993,FEMALE,2
M075,,CUB,1993,MALE,4
M076,,CUB,1993,MALE,2
M077,,CUB,1993,FEMALE,4
M078,,CUB,1993,MALE,12
M079,,CUB,1993,MALE,5
M080,,CUB,1993,FEMALE,0
M081,,CUB,1993,MALE,0
M082,,CUB,1993,MALE,10
M083,,CUB,1993,MALE,12
M084,,CUB,1993,MALE,10
M085,,CUB,1993,MALE,4
M086,,CUB,1993,FEMALE,0
M087,,CUB,1993,MALE,4
M088,,CUB,1993,MALE,4
M089,,CUB,1993,MALE,8
M090,,CUB,1993,FEMALE,6
M091,,CUB,1993,FEMALE,112
M092,014336827,CUB,1993,FEMALE,12
M093,,CUB,1993,FEMALE,11
M094,014848011,CUB,1993,FEMALE,32
M095,,CUB,1993,FEMALE,5
M096,,CUB,1993,MALE,12
M097,,CUB,1993,FEMALE,23
M098,,CUB,1993,MALE,0
M099,,CUB,1993,MALE,10
M100,,CUB,1993,FEMALE,2
M101,,CUB,1993,FEMALE,0
M102,,CUB,1993,FEMALE,0
M103,,CUB,1993,MALE,0
M104,012527370,CUB,1993,FEMALE,18
M105,,CUB,1993,MALE,6
M106,,CUB,1993,MALE,44
M107,014616358,CUB,1993,FEMALE,26
M108,015310807,CUB,1993,FEMALE,11
M109,014068883,CUB,1993,FEMALE,29
M110,,CUB,1993,MALE,41
M111,,CUB,1993,FEMALE,10
M112,,CUB,1993,FEMALE,8
M113,,CUB,1993,FEMALE,0
M114,,CUB,1993,FEMALE,3
M115,014626125,YEARLING,1993,MALE,23
M116,,CUB,1993,FEMALE,32
N001,,YEARLING,1984,FEMALE,21
N002,,YEARLING,1984,MALE,20
N003,,YEARLING,1984,FEMALE,25
N004,,ADULT,1984,FEMALE,35
N005,,ADULT,1984,MALE,25
N006,,ADULT,1984,MALE,0
N007,,CUB,1984,FEMALE,27
N008,,CUB,1984,FEMALE,13
N009,,CUB,1984,MALE,0
N010,,ADULT,1984,FEMALE,10
N011,,CUB,1984,MALE,0
N012,,CUB,1984,MALE,6
N013,,CUB,1984,FEMALE,11
N014,,CUB,1984,FEMALE,2
N015,,CUB,1984,MALE,0
N016,,CUB,1984,MALE,15
N017,,CUB,1984,MALE,4
N018,,CUB,1984,MALE,10
N019,,CUB,1984,FEMALE,20
N020,,CUB,1984,MALE,24
N021,,CUB,1984,MALE,0
N022,,CUB,1984,MALE,1
N023,,CUB,1984,FEMALE,7
N024,,CUB,1984,FEMALE,0
N025,,CUB,1984,FEMALE,0
N026,,CUB,1984,MALE,42
N027,,CUB,1984,MALE,0
N028,,CUB,1984,FEMALE,21
N029,,CUB,1984,FEMALE,0
N030,,CUB,1984,FEMALE,2
N031,,CUB,1984,MALE,9
N032,,CUB,1984,MALE,0
N033,,CUB,1984,MALE,17
N034,,CUB,1984,FEMALE,0
N035,,YEARLING,1984,FEMALE,32
N036,,ADULT,1984,FEMALE,0
N037,,CUB,1984,FEMALE,60
N038,,CUB,1984,MALE,0
N039,,YEARLING,1984,FEMALE,1
N040,,ADULT,1984,FEMALE,0
N041,,CUB,1984,FEMALE,0
N042,,CUB,1984,FEMALE,25
N043,,CUB,1984,MALE,0
N044,,CUB,1984,FEMALE,23
N045,,CUB,1984,MALE,23
N046,,CUB,1984,MALE,44
N047,,CUB,1984,FEMALE,37
N048,,CUB,1984,FEMALE,29
N049,,CUB,1984,FEMALE,29
N050,,CUB,1984,MALE,12
N051,,CUB,1984,MALE,14
N052,,CUB,1984,FEMALE,7
N053,,CUB,1984,FEMALE,32
N054,,CUB,1984,FEMALE,9
N055,,CUB,1984,FEMALE,4
N056,,CUB,1984,MALE,4
N057,,CUB,1984,MALE,4
N058,,CUB,1984,MALE,18
N059,,CUB,1984,FEMALE,19
N060,,CUB,1984,FEMALE,9
N061,,CUB,1984,FEMALE,6
N062,,CUB,1984,FEMALE,9
N063,,CUB,1984,MALE,12
N064,,CUB,1984,FEMALE,21
N065,,CUB,1984,MALE,3
N066,,YEARLING,1984,MALE,81
N067,,YEARLING,1984,MALE,19
N068,,YEARLING,1984,FEMALE,0
N069,,CUB,1984,MALE,0
N070,,CUB,1984,MALE,34
N071,,CUB,1984,FEMALE,29
N072,,YEARLING,1984,MALE,0
N073,,YEARLING,1984,FEMALE,88
N074,,CUB,1984,FEMALE,6
N075,,CUB,1984,FEMALE,6
N076,,CUB,1984,MALE,27
O001,,ADULT,1982,MALE,15
O002,,ADULT,1982,MALE,5
O003,,ADULT,1982,FEMALE,35
O004,,YEARLING,1982,MALE,7
O005,,ADULT,1982,FEMALE,12
O006,,ADULT,1982,FEMALE,15
O007,,ADULT,1982,FEMALE,12
O008,,ADULT,1982,FEMALE,21
O009,,ADULT,1982,FEMALE,37
O010,,CUB,1982,FEMALE,0
O011,,CUB,1982,MALE,27
O012,,CUB,1982,FEMALE,15
O013,,CUB,1982,MALE,0
O014,,CUB,1982,MALE,0
O015,,CUB,1982,FEMALE,12
O016,,CUB,1982,FEMALE,31
O017,,CUB,1982,FEMALE,60
O018,,ADULT,1982,FEMALE,13
O019,,CUB,1982,FEMALE,0
O020,,ADULT,1982,MALE,15
O021,,CUB,1982,FEMALE,1
O022,,YEARLING,1982,FEMALE,12
O023,,CUB,1982,FEMALE,6
O024,,CUB,1982,FEMALE,36
O025,,CUB,1982,FEMALE,0
O026,,CUB,1982,FEMALE,36
O027,,CUB,1982,MALE,3
O028,,CUB,1982,FEMALE,6
O029,,CUB,1982,FEMALE,24
O030,,CUB,1982,MALE,18
O031,,ADULT,1982,MALE,46
O032,,CUB,1982,FEMALE,9
O033,,ADULT,1982,MALE,9
O034,,CUB,1982,FEMALE,84
O035,,ADULT,1982,FEMALE,36
O036,,ADULT,1982,FEMALE,0
P001,,ADULT,1983,MALE,47
P002,,YEARLING,1983,FEMALE,43
P003,,YEARLING,1983,FEMALE,39
P004,,ADULT,1983,FEMALE,0
P005,,CUB,1983,FEMALE,20
P006,,CUB,1983,MALE,0
P007,,ADULT,1983,MALE,3
P008,,CUB,1983,FEMALE,11
P009,,CUB,1983,MALE,9
P010,,CUB,1983,MALE,4
P011,,CUB,1983,FEMALE,18
P012,,CUB,1983,FEMALE,6
P013,,CUB,1983,MALE,16
P014,,CUB,1983,MALE,3
P015,,CUB,1983,MALE,6
P016,,CUB,1983,FEMALE,41
P017,,CUB,1983,MALE,3
P018,,CUB,1983,FEMALE,24
P019,,CUB,1983,MALE,3
P020,,CUB,1983,FEMALE,34
P021,,CUB,1983,FEMALE,8
P022,,CUB,1983,FEMALE,0
P023,,CUB,1983,MALE,0
P024,,CUB,1983,FEMALE,0
P025,,ADULT,1983,FEMALE,0
P026,,ADULT,1983,FEMALE,24
P027,,ADULT,1983,FEMALE,3
P028,,ADULT,1983,MALE,15
P029,,ADULT,1983,MALE,0
P030,,ADULT,1983,MALE,27
P031,,YEARLING,1983,FEMALE,0
P032,,YEARLING,1983,MALE,0
P033,,CUB,1983,MALE,33
P034,,CUB,1983,MALE,6
P035,,CUB,1983,MALE,35
P036,,CUB,1983,FEMALE,0
P037,,CUB,1983,FEMALE,24
P038,,CUB,1983,MALE,28
P039,,CUB,1983,FEMALE,0
P040,,CUB,1983,FEMALE,0
P041,,CUB,1983,MALE,12
P042,,CUB,1983,FEMALE,23
P043,,CUB,1983,MALE,27
P044,,CUB,1983,FEMALE,0
P045,,CUB,1983,FEMALE,0
P046,,CUB,1983,FEMALE,48
P047,,ADULT,1983,MALE,5
P048,,CUB,1983,FEMALE,4
P049,,CUB,1983,MALE,60
P050,,CUB,1983,MALE,30
P051,,CUB,1983,FEMALE,12
P052,,CUB,1983,FEMALE,23
P053,,CUB,1983,MALE,15
P054,,CUB,1983,FEMALE,18
P055,,ADULT,1983,MALE,1
P056,,YEARLING,1983,FEMALE,0
P057,,ADULT,1983,MALE,0
P058,,ADULT,1983,FEMALE,37
P059,,CUB,1983,FEMALE,15
Q001,,YEARLING,1999,MALE,12
Q002,,ADULT,1999,FEMALE,26
Q003,,ADULT,1999,MALE,7
Q004,,ADULT,1999,FEMALE,0
Q005,,ADULT,1999,MALE,3
Q006,,ADULT,1999,MALE,48
Q007,,ADULT,1999,FEMALE,38
Q008,,CUB,1999,FEMALE,25
Q009,,CUB,1999,FEMALE,2
Q010,,CUB,1999,MALE,2
Q011,,CUB,1999,FEMALE,2
Q012,,CUB,1999,MALE,32
Q013,,CUB,1999,MALE,0
Q014,,CUB,1999,MALE,4
Q015,,CUB,1999,MALE,17
Q016,,CUB,1999,MALE,4
Q017,,CUB,1999,MALE,0
Q018,,CUB,1999,MALE,2
Q019,,CUB,1999,MALE,0
Q020,,CUB,1999,FEMALE,0
Q021,,CUB,1999,FEMALE,0
Q022,,CUB,1999,FEMALE,2
Q023,,CUB,1999,MALE,2
Q024,,CUB,1999,FEMALE,2
Q025,,CUB,1999,FEMALE,2
Q026,,CUB,1999,MALE,13
Q027,,CUB,1999,MALE,6
Q028,,CUB,1999,FEMALE,22
Q029,,CUB,1999,MALE,5
Q030,,CUB,1999,MALE,2
Q031,,CUB,1999,MALE,32
Q032,,CUB,1999,FEMALE,8
Q033,,CUB,1999,MALE,12
Q034,,CUB,1999,FEMALE,0
Q035,,CUB,1999,MALE,0
Q036,,CUB,1999,MALE,21
Q037,,CUB,1999,MALE,0
Q038,,CUB,1999,FEMALE,2
Q039,,CUB,1999,FEMALE,10
Q040,,CUB,1999,FEMALE,0
Q041,,CUB,1999,MALE,5
Q042,,CUB,1999,MALE,0
Q043,,CUB,1999,FEMALE,2
Q044,,CUB,1999,MALE,0
Q045,,CUB,1999,MALE,0
Q046,,CUB,1999,FEMALE,15
Q047,,CUB,1999,FEMALE,2
Q048,,CUB,1999,FEMALE,10
Q049,,CUB,1999,MALE,10
Q050,,CUB,1999,MALE,2
Q051,,CUB,1999,MALE,2
Q052,,CUB,1999,FEMALE,10
Q053,,CUB,1999,FEMALE,7
Q054,,CUB,1999,FEMALE,8
Q055,,CUB,1999,FEMALE,0
Q056,,CUB,1999,MALE,0
Q057,,CUB,1999,MALE,0
Q058,,CUB,1999,MALE,3
Q059,,CUB,1999,FEMALE,11
Q060,,CUB,1999,FEMALE,25
Q061,,CUB,1999,MALE,7
Q062,,CUB,1999,MALE,0
Q063,,CUB,1999,FEMALE,0
Q064,,CUB,1999,MALE,5
Q065,,CUB,1999,MALE,60
Q066,,CUB,1999,MALE,24
Q067,,CUB,1999,MALE,5
Q068,,CUB,1999,FEMALE,1
Q069,,CUB,1999,FEMALE,7
Q070,,CUB,1999,MALE,7
Q071,,CUB,1999,MALE,0
Q072,,ADULT,1999,FEMALE,21
Q073,,CUB,1999,FEMALE,5
Q074,,CUB,1999,FEMALE,11
Q075,,CUB,1999,FEMALE,12
Q076,,CUB,1999,FEMALE,0
Q077,,CUB,1999,MALE,13
Q078,,CUB,1999,FEMALE,13
Q079,,CUB,1999,MALE,8
Q080,,CUB,1999,MALE,3
Q081,,CUB,1999,FEMALE,12
Q082,,CUB,1999,MALE,4
Q083,,CUB,1999,FEMALE,10
Q084,,CUB,1999,FEMALE,10
Q085,,CUB,1999,FEMALE,10
Q086,,CUB,1999,MALE,5
Q087,,CUB,1999,FEMALE,58
Q088,,ADULT,1999,FEMALE,7
Q089,,CUB,1999,MALE,0
Q090,,CUB,1999,FEMALE,29
Q091,,CUB,1999,MALE,25
Q092,,CUB,1999,MALE,0
Q093,,CUB,1999,MALE,8
Q094,,CUB,1999,MALE,23
Q095,,ADULT,1999,MALE,5
Q096,,CUB,1999,MALE,39
Q097,,ADULT,1999,FEMALE,8
Q098,,CUB,1999,MALE,10
R002,,ADULT,1978,FEMALE,17
R003,,ADULT,1978,MALE,12
R004,,CUB,1978,MALE,0
R005,,CUB,1978,FEMALE,45
R006,,CUB,1978,FEMALE,12
R007,,CUB,1978,MALE,0
R008,,ADULT,1978,MALE,14
R009,,ADULT,1978,MALE,0
R010,,ADULT,1978,FEMALE,22
R011,,CUB,1978,FEMALE,23
R012,,CUB,1978,MALE,12
R013,,CUB,1978,FEMALE,26
R014,,CUB,1978,FEMALE,12
R015,,ADULT,1978,MALE,23
R016,,CUB,1978,FEMALE,18
R017,,CUB,1978,MALE,0
R018,,ADULT,1978,FEMALE,0
R019,,ADULT,1978,FEMALE,57
R020,,CUB,1978,FEMALE,0
R021,,CUB,1978,FEMALE,0
R022,,ADULT,1978,FEMALE,51
R023,,ADULT,1978,FEMALE,0
R025,,ADULT,1978,FEMALE,14
R026,,CUB,1978,MALE,0
R027,,ADULT,1978,FEMALE,0
R028,,ADULT,1978,MALE,14
R029,,ADULT,1978,FEMALE,23
R030,,CUB,1978,MALE,0
R031,,ADULT,1978,MALE,0
R032,,ADULT,1978,FEMALE,23
R033,,ADULT,1978,FEMALE,13
R034,,ADULT,1978,FEMALE,13
R035,,CUB,1978,MALE,0
R036,,CUB,1978,FEMALE,0
R037,,CUB,1978,FEMALE,0
R038,,ADULT,1978,FEMALE,0
R039,,ADULT,1978,FEMALE,32
R040,,ADULT,1978,FEMALE,0
R041,,CUB,1978,FEMALE,0
R042,,ADULT,1978,MALE,14
R043,,ADULT,1978,FEMALE,33
R044,,ADULT,1978,FEMALE,14
R045,,CUB,1978,MALE,0
R046,,ADULT,1978,FEMALE,0
R047,,ADULT,1978,MALE,0
R048,,CUB,1978,MALE,46
R049,,ADULT,1978,MALE,0
R050,,ADULT,1978,FEMALE,14
R051,,CUB,1978,MALE,25
R052,,CUB,1978,MALE,14
R053,,ADULT,1978,FEMALE,14
R054,,ADULT,1978,FEMALE,27
R055,,ADULT,1978,FEMALE,0
R056,,ADULT,1978,FEMALE,0
R057,,ADULT,1978,FEMALE,14
R058,,ADULT,1978,FEMALE,14
R059,,ADULT,1978,MALE,0
R060,,CUB,1978,MALE,0
R061,,CUB,1978,MALE,0
R062,,CUB,1978,MALE,0
R063,,ADULT,1978,FEMALE,22
R064,,CUB,1978,FEMALE,14
R065,,ADULT,1978,MALE,47
R066,,ADULT,1978,MALE,11
R067,,ADULT,1978,FEMALE,15
R068,,ADULT,1978,MALE,15
R069,,ADULT,1978,FEMALE,15
R070,,CUB,1978,MALE,15
R071,,CUB,1978,MALE,4
R072,,ADULT,1978,FEMALE,15
R073,,ADULT,1978,MALE,0
R074,,ADULT,1978,MALE,15
R075,,ADULT,1978,MALE,15
R076,,ADULT,1978,FEMALE,15
R077,,ADULT,1978,FEMALE,0
R078,,CUB,1978,MALE,15
R079,,CUB,1978,FEMALE,0
R080,,ADULT,1978,FEMALE,15
R081,,ADULT,1978,MALE,15
R082,,CUB,1978,MALE,15
R083,,ADULT,1978,FEMALE,15
R084,,CUB,1978,FEMALE,0
R085,,CUB,1978,FEMALE,3
R086,,CUB,1978,MALE,9
R087,,CUB,1978,FEMALE,15
R088,,CUB,1978,MALE,0
R089,,ADULT,1978,MALE,0
R090,,CUB,1978,MALE,0
R091,,CUB,1978,FEMALE,31
R092,,ADULT,1978,MALE,0
R093,,CUB,1978,MALE,11
R094,,YEARLING,1978,FEMALE,12
RM001,,ADULT,1977,FEMALE,0
RM002,,YEARLING,1977,FEMALE,0
RM003,,CUB,1977,MALE,0
RM004,,CUB,1977,MALE,0
RM005,,ADULT,1977,FEMALE,0
RM006,,CUB,1977,FEMALE,0
RM007,,CUB,1977,FEMALE,0
RM008,,CUB,1977,MALE,0
RM009,,ADULT,1977,FEMALE,0
RM010,,ADULT,1977,FEMALE,0
RM011,,ADULT,1978,MALE,0
RM012,,ADULT,1978,MALE,0
RM013,,ADULT,1978,FEMALE,0
RM014,,ADULT,1978,MALE,0
RM015,,ADULT,1978,FEMALE,0
RM016,,ADULT,1978,FEMALE,0
RM017,,ADULT,1978,MALE,0
RM021,,ADULT,1978,MALE,0
RM022,,CUB,1978,MALE,0
RM026,,ADULT,1978,MALE,0
RM027,,ADULT,1978,FEMALE,0
RM028,,ADULT,1978,MALE,0
RM029,,ADULT,1978,FEMALE,0
RM030,,ADULT,1978,MALE,0
RM031,,ADULT,1978,MALE,0
RM032,,ADULT,1978,FEMALE,0
RM033,,ADULT,1978,FEMALE,0
RM034,,ADULT,1978,FEMALE,0
RM035,,ADULT,1978,FEMALE,0
RM036,,ADULT,1978,MALE,0
RM041,,CUB,1978,FEMALE,0
RM043,,ADULT,1978,MALE,0
RM044,,ADULT,1978,MALE,0
RM049,,ADULT,1978,MALE,0
RM050,,ADULT,1978,FEMALE,0
RM053,,ADULT,1978,MALE,0
RM055,,ADULT,1978,MALE,0
RM056,,ADULT,1978,MALE,0
RM057,,ADULT,1978,FEMALE,0
RM058,,CUB,1979,MALE,0
RM059,,CUB,1979,FEMALE,0
RM060,,CUB,1979,MALE,0
RM061,,CUB,1979,FEMALE,0
RM062,,CUB,1979,MALE,0
RM063,,YEARLING,1979,MALE,0
RM064,,ADULT,1979,FEMALE,0
RM065,,ADULT,1979,FEMALE,0
RM066,,ADULT,1979,FEMALE,0
RM067,,CUB,1979,MALE,0
RM068,,CUB,1979,FEMALE,0
RM069,,ADULT,1979,FEMALE,0
RM070,,CUB,1979,FEMALE,0
RM071,,ADULT,1979,FEMALE,0
RM072,,ADULT,1979,MALE,0
RM073,,ADULT,1979,FEMALE,0
RM074,,ADULT,1979,FEMALE,0
RM075,,ADULT,1979,MALE,0
RM076,,ADULT,1979,FEMALE,0
RM077,,ADULT,1979,MALE,0
RM078,,CUB,1979,FEMALE,0
RM079,,CUB,1979,FEMALE,0
RM080,,ADULT,1979,FEMALE,0
RM081,,ADULT,1979,FEMALE,0
RM082,,CUB,1979,MALE,0
S001,,ADULT,1996,MALE,0
S002,,YEARLING,1996,FEMALE,0
S003,,YEARLING,1996,FEMALE,0
S004,,ADULT,1996,MALE,0
S005,,YEARLING,1996,MALE,0
S006,,ADULT,1996,MALE,16
S007,012863115,CUB,1996,FEMALE,0
S008,014023324,CUB,1996,MALE,0
S009,010275852,CUB,1996,MALE,0
S010,015282002,CUB,1996,FEMALE,0
S011,012074800,CUB,1996,FEMALE,12
S012,011600572,CUB,1996,FEMALE,0
S013,014381383,CUB,1996,FEMALE,0
S014,012348862,CUB,1996,FEMALE,22
S015,015073304,CUB,1996,FEMALE,3
S016,012101076,CUB,1996,FEMALE,8
S017,013596607,CUB,1996,MALE,0
S018,012380591,CUB,1996,FEMALE,4
S019,013860518,CUB,1996,MALE,0
S020,012059261,CUB,1996,MALE,0
S021,015121783,CUB,1996,MALE,0
S022,014873872,CUB,1996,FEMALE,0
S023,015296604,CUB,1996,MALE,13
S024,013126095,CUB,1996,FEMALE,12
S025,012873040,CUB,1996,FEMALE,0
S026,011555534,CUB,1996,FEMALE,12
S027,014024804,CUB,1996,MALE,9
S028,015269618,CUB,1996,FEMALE,7
S029,013871600,CUB,1996,MALE,15
S030,014294521,CUB,1996,FEMALE,4
S031,012588289,CUB,1996,FEMALE,29
S032,013305297,CUB,1996,FEMALE,77
S033,011866340,CUB,1996,FEMALE,8
S034,012877812,CUB,1996,FEMALE,3
S035,015001033,CUB,1996,FEMALE,9
S036,014066379,CUB,1996,FEMALE,5
S037,012064012,CUB,1996,FEMALE,47
S038,014296308,YEARLING,1996,MALE,21
S039,012863875,CUB,1996,FEMALE,1
S040,013843099,CUB,1996,FEMALE,0
S041,011773023,CUB,1996,MALE,12
S042,013088568,CUB,1996,MALE,71
S043,013336538,CUB,1996,FEMALE,23
S044,014877864,CUB,1996,FEMALE,71
S045,014876088,CUB,1996,FEMALE,0
T001,,YEARLING,1992,MALE,30
T002,,ADULT,1992,MALE,0
T004,,YEARLING,1992,FEMALE,0
T005,,CUB,1992,MALE,0
T006,,CUB,1992,MALE,4
T007,,CUB,1992,MALE,12
T008,,CUB,1992,MALE,10
T009,,CUB,1992,MALE,0
T010,,CUB,1992,FEMALE,2
T011,,CUB,1992,FEMALE,2
T012,,CUB,1992,FEMALE,0
T013,,CUB,1992,MALE,4
T014,,CUB,1992,MALE,3
T015,,CUB,1992,MALE,17
T016,,CUB,1992,FEMALE,34
T017,,CUB,1992,MALE,21
T018,,CUB,1992,FEMALE,7
T019,,CUB,1992,FEMALE,2
T020,,CUB,1992,MALE,10
T021,,CUB,1992,FEMALE,4
T022,,CUB,1992,MALE,22
T023,,CUB,1992,FEMALE,0
T024,,CUB,1992,FEMALE,14
T025,,CUB,1992,FEMALE,20
T026,,CUB,1992,FEMALE,2
T027,,CUB,1992,MALE,0
T028,,CUB,1992,MALE,0
T029,,CUB,1992,MALE,1
T030,,CUB,1992,FEMALE,8
T031,,CUB,1992,FEMALE,12
T032,014371848,CUB,1992,MALE,18
T033,013546090,CUB,1992,MALE,11
T034,,CUB,1992,FEMALE,0
T035,,CUB,1992,MALE,0
T036,,CUB,1992,MALE,0
T037,,CUB,1992,FEMALE,0
T038,,CUB,1992,MALE,0
T039,,CUB,1992,MALE,0
T040,,CUB,1992,FEMALE,0
T041,,CUB,1992,FEMALE,6
T042,,CUB,1992,MALE,0
T043,,CUB,1992,MALE,0
T044,,CUB,1992,FEMALE,0
T045,,CUB,1992,FEMALE,3
T046,,CUB,1992,MALE,0
T047,013856798,CUB,1992,MALE,8
T048,012610834,CUB,1992,FEMALE,14
T049,,ADULT,1992,FEMALE,0
T050,013806845,CUB,1992,FEMALE,13
T051,,CUB,1992,MALE,10
T052,,CUB,1992,FEMALE,0
T053,,CUB,1992,FEMALE,3
T054,,CUB,1992,FEMALE,5
T055,,CUB,1992,FEMALE,24
T056,,CUB,1992,MALE,0
T057,,CUB,1992,FEMALE,8
T058,,CUB,1992,MALE,6
T059,,CUB,1992,FEMALE,4
T060,,CUB,1992,FEMALE,6
T061,,CUB,1992,MALE,4
T062,,CUB,1992,MALE,8
T063,,CUB,1992,FEMALE,3
T064,,CUB,1992,MALE,10
T065,,CUB,1992,FEMALE,4
T066,,CUB,1992,FEMALE,10
T067,,CUB,1992,FEMALE,0
T068,,CUB,1992,MALE,6
T069,,CUB,1992,FEMALE,0
T070,,CUB,1992,MALE,3
T071,,CUB,1992,FEMALE,21
T072,,CUB,1992,MALE,22
T073,,YEARLING,1992,MALE,22
T074,,CUB,1992,MALE,2
T075,,CUB,1992,FEMALE,9
T076,,CUB,1992,FEMALE,22
T077,,CUB,1992,FEMALE,12
T078,,CUB,1992,FEMALE,4
T079,,CUB,1992,FEMALE,55
T080,,CUB,1992,MALE,19
T081,,CUB,1992,MALE,10
T082,,CUB,1992,FEMALE,10
T083,,CUB,1992,FEMALE,5
T084,,CUB,1992,MALE,19
T085,,CUB,1992,MALE,8
T086,,CUB,1992,FEMALE,33
T087,014614845,CUB,1992,FEMALE,25
T088,,CUB,1992,MALE,10
T089,,CUB,1992,FEMALE,12
T090,,YEARLING,1992,MALE,6
T091,,CUB,1992,FEMALE,9
T092,,ADULT,1992,MALE,0
T093,,CUB,1992,FEMALE,8
T094,,CUB,1992,MALE,4
T095,,CUB,1992,FEMALE,11
T096,,CUB,1992,FEMALE,12
T097,,CUB,1992,FEMALE,12
T098,,CUB,1992,MALE,6
T099,,CUB,1992,FEMALE,9
T100,,CUB,1992,FEMALE,9
T101,,CUB,1992,MALE,14
T102,013773038,CUB,1992,FEMALE,22
T103,,ADULT,1992,MALE,4
T104,,CUB,1992,FEMALE,0
T105,,YEARLING,1992,MALE,0
T106,014775031,CUB,1992,FEMALE,25
T107,,CUB,1992,FEMALE,10
T108,,CUB,1992,FEMALE,53
T109,,CUB,1992,MALE,10
U001,,ADULT,2001,FEMALE,0
U002,,ADULT,2001,MALE,0
U003,,CUB,2001,MALE,10
U004,,CUB,2001,MALE,0
U005,,CUB,2001,MALE,7
U006,,CUB,2001,FEMALE,0
U007,,CUB,2001,FEMALE,2
U008,,CUB,2001,FEMALE,23
U009,,CUB,2001,MALE,8
U010,,CUB,2001,MALE,9
U011,,CUB,2001,MALE,5
U012,,CUB,2001,MALE,47
U013,,ADULT,2001,FEMALE,0
U014,,ADULT,2001,FEMALE,0
U015,,CUB,2001,FEMALE,0
U016,,CUB,2001,FEMALE,0
U017,,CUB,2001,FEMALE,0
U018,,CUB,2001,MALE,0
U019,,CUB,2001,MALE,5
U020,,CUB,2001,MALE,5
U021,,CUB,2001,MALE,2
U022,,CUB,2001,FEMALE,0
U023,,CUB,2001,FEMALE,9
U024,,CUB,2001,MALE,5
U025,,CUB,2001,MALE,3
U026,,CUB,2001,MALE,4
U027,,CUB,2001,MALE,5
U028,,CUB,2001,FEMALE,2
U029,,CUB,2001,MALE,3
U030,,CUB,2001,FEMALE,2
U031,,CUB,2001,MALE,26
U032,,CUB,2001,FEMALE,19
U033,,CUB,2001,MALE,23
U034,,CUB,2001,FEMALE,8
U035,,CUB,2001,FEMALE,11
U036,,CUB,2001,MALE,4
U037,,CUB,2001,MALE,47
U038,,ADULT,2001,FEMALE,7
U039,,CUB,2001,FEMALE,5
U040,,CUB,2001,MALE,5
U041,,CUB,2001,FEMALE,20
U042,,CUB,2001,MALE,1
U043,,CUB,2001,FEMALE,11
U044,,CUB,2001,MALE,10
U045,,CUB,2001,FEMALE,14
U046,,CUB,2001,MALE,22
U047,,CUB,2001,MALE,9
U048,,CUB,2001,MALE,8
U049,,CUB,2001,MALE,5
U050,,CUB,2001,FEMALE,24
U051,,CUB,2001,MALE,10
U052,,CUB,2001,MALE,10
U053,,CUB,2001,FEMALE,21
U054,,CUB,2001,FEMALE,6
U055,,ADULT,2001,FEMALE,0
U056,,CUB,2001,FEMALE,3
U057,,CUB,2001,FEMALE,30
U058,,CUB,2001,FEMALE,0
U059,,CUB,2001,FEMALE,3
U060,,CUB,2001,MALE,17
U061,,CUB,2001,MALE,31
U062,,CUB,2001,FEMALE,7
U063,,CUB,2001,MALE,5
U064,,CUB,2001,MALE,23
U065,,CUB,2001,MALE,4
U066,,CUB,2001,FEMALE,3
U067,,CUB,2001,FEMALE,19
U068,,CUB,2001,FEMALE,19
U069,,CUB,2001,FEMALE,36
U070,,CUB,2001,FEMALE,25
U071,,CUB,2001,MALE,3
U072,,,2001,FEMALE,57
U073,,CUB,2001,FEMALE,11
U075,,ADULT,2001,FEMALE,0
U076,,ADULT,2001,MALE,14
UN001,,ADULT,1975,MALE,0
UN002,,ADULT,1977,FEMALE,0
UN003,,ADULT,1977,FEMALE,0
UN004,,ADULT,1977,MALE,0
UN005,,ADULT,1977,FEMALE,0
UN006,,ADULT,1997,FEMALE,0
UN007,,CUB,1977,MALE,0
UN008,,ADULT,1977,FEMALE,0
UN009,,ADULT,1977,FEMALE,0
UN010,,CUB,1977,MALE,0
UN011,,CUB,1977,FEMALE,0
UN012,,ADULT,1977,MALE,0
UN013,,ADULT,1978,MALE,0
UN015,,ADULT,1978,MALE,0
UN016,,ADULT,1978,FEMALE,0
UN017,,ADULT,1978,MALE,0
UN018,,CUB,1978,MALE,0
UN019,,ADULT,1978,MALE,0
UN020,,ADULT,1978,MALE,0
UN021,,ADULT,1979,MALE,0
UN022,,ADULT,1979,FEMALE,0
UN023,,ADULT,1979,FEMALE,0
UN024,,ADULT,1979,FEMALE,0
UN025,,ADULT,1979,FEMALE,0
UN026,,ADULT,1979,FEMALE,0
UN027,,ADULT,1979,FEMALE,0
UN028,,CUB,1979,MALE,0
UN029,,CUB,1979,FEMALE,0
UN030,,YEARLING,1979,MALE,0
UN031,,ADULT,1980,FEMALE,0
UN032,,ADULT,1980,FEMALE,0
UN033,,ADULT,1980,FEMALE,0
UN034,,ADULT,1980,MALE,0
UN035,,CUB,1980,MALE,0
UN036,,ADULT,1980,FEMALE,0
UN037,,CUB,1980,MALE,0
UN038,,CUB,1980,FEMALE,0
UN039,,ADULT,1980,FEMALE,0
UN040,,ADULT,1980,FEMALE,0
UN041,,ADULT,1981,FEMALE,0
UN042,,ADULT,1981,FEMALE,0
UN043,,ADULT,1981,MALE,0
UN044,,ADULT,1981,MALE,0
UN045,,ADULT,1981,MALE,0
UN046,,ADULT,1981,FEMALE,0
UN047,,ADULT,1981,FEMALE,0
UN048,,ADULT,1981,FEMALE,0
UN049,,ADULT,1981,FEMALE,0
UN050,,ADULT,1982,MALE,0
UN051,,CUB,1982,FEMALE,0
UN052,,CUB,1983,MALE,0
UN053,,ADULT,1983,FEMALE,0
UN054,,ADULT,1983,MALE,0
UN055,,ADULT,1983,MALE,0
UN056,,ADULT,1983,FEMALE,0
UN057,,ADULT,1983,MALE,0
UN058,,ADULT,1984,MALE,0
UN059,,ADULT,1984,MALE,0
UN060,,ADULT,1984,FEMALE,0
UN061,,CUB,1984,MALE,0
UN062,,ADULT,1984,MALE,0
UN063,,ADULT,1984,FEMALE,0
UN064,,ADULT,1984,FEMALE,0
UN065,,ADULT,1984,FEMALE,0
UN066,,ADULT,1977,UNKNOWN,0
UN067,,ADULT,1978,MALE,0
UN068,,CUB,1979,UNKNOWN,0
UN069,,ADULT,1979,MALE,0
UN070,,ADULT,1980,MALE,0
UN071,,ADULT,1980,FEMALE,0
UN072,,,1982,UNKNOWN,0
UN073,,,1982,UNKNOWN,0
UN075,,,1983,UNKNOWN,0
UN076,,CUB,1984,UNKNOWN,0
UN077,,CUB,1984,UNKNOWN,0
UN078,,,1984,UNKNOWN,0
UN079,,,1984,UNKNOWN,0
UN080,,CUB,1984,UNKNOWN,0
UN081,,ADULT,1982,MALE,0
UN082,,ADULT,1982,MALE,0
UN083,,ADULT,1982,MALE,0
UN084,,ADULT,1983,MALE,0
UN085,,ADULT,1983,MALE,0
UN086,,ADULT,1983,FEMALE,0
UN087,,ADULT,1984,FEMALE,0
UN088,,CUB,1985,MALE,0
UN089,,CUB,1985,FEMALE,0
UN090,,ADULT,1985,FEMALE,0
UN091,,CUB,1985,MALE,0
UN092,,ADULT,1986,FEMALE,0
UN093,,ADULT,1986,MALE,0
UN094,,ADULT,1986,FEMALE,0
UN095,,ADULT,1986,FEMALE,0
UN096,,ADULT,1986,MALE,0
UN097,,YEARLING,1986,FEMALE,0
UN099,,ADULT,1987,FEMALE,0
UN100,,CUB,1987,FEMALE,0
UN102,,ADULT,1987,FEMALE,0
UN103,,CUB,1987,FEMALE,0
UN104,,ADULT,1988,MALE,0
UN105,,ADULT,1988,MALE,0
UN106,,ADULT,1988,MALE,0
UN109,,ADULT,1989,UNKNOWN,0
UN110,,ADULT,1989,MALE,0
UN111,,ADULT,1989,MALE,0
UN112,,ADULT,1989,FEMALE,0
UN113,,YEARLING,1989,FEMALE,0
UN115,,ADULT,1989,MALE,0
UN116,,ADULT,1989,FEMALE,0
UN117,,ADULT,1989,MALE,0
UN118,,ADULT,1989,MALE,0
UN119,,ADULT,1989,FEMALE,0
UN120,,YEARLING,1990,MALE,0
UN121,,ADULT,1990,MALE,0
UN122,,ADULT,1990,MALE,0
UN123,,ADULT,1990,FEMALE,0
UN124,,ADULT,1990,FEMALE,0
UN125,,ADULT,1990,FEMALE,0
UN126,,CUB,1990,FEMALE,0
UN127,,CUB,1990,MALE,0
UN128,,CUB,1990,MALE,0
UN129,,CUB,1990,FEMALE,0
UN130,,ADULT,1991,MALE,0
UN131,,ADULT,1991,MALE,0
UN132,,ADULT,1991,FEMALE,0
UN133,,ADULT,1991,FEMALE,0
UN134,,ADULT,1991,MALE,0
UN135,,CUB,1992,FEMALE,0
UN136,,CUB,1992,UNKNOWN,0
UN137,,ADULT,1992,MALE,0
UN138,,ADULT,1993,MALE,0
UN139,,ADULT,1993,FEMALE,0
UN140,,ADULT,1993,MALE,0
UN141,,,1993,MALE,0
UN142,,ADULT,1994,MALE,0
UN143,,ADULT,1994,MALE,0
UN144,,,1994,MALE,0
UN145,,ADULT,1994,FEMALE,0
UN146,,,1994,FEMALE,0
UN147,,ADULT,1994,FEMALE,0
UN149,,CUB,1994,FEMALE,0
UN150,,ADULT,1994,MALE,0
UN151,,ADULT,1995,FEMALE,0
UN152,,ADULT,1995,MALE,0
UN153,,ADULT,1995,FEMALE,0
UN154,,ADULT,1995,FEMALE,0
UN155,,CUB,1995,UNKNOWN,0
UN156,,ADULT,1993,FEMALE,0
UN158,,ADULT,1995,MALE,0
UN159,,ADULT,1995,UNKNOWN,0
UN160,,ADULT,1995,MALE,0
UN161,,ADULT,1996,MALE,0
UN162,,CUB,1996,FEMALE,0
UN163,,ADULT,1996,FEMALE,0
UN164,,CUB,1996,UNKNOWN,0
UN165,,ADULT,1996,FEMALE,0
UN166,,CUB,1996,MALE,0
UN167,,CUB,1996,UNKNOWN,0
UN170,,ADULT,1996,MALE,0
UN172,,ADULT,1997,MALE,0
UN175,,CUB,1997,MALE,0
UN176,,CUB,1997,MALE,0
UN177,,YEARLING,1997,FEMALE,0
UN178,,ADULT,1997,FEMALE,0
UN179,,CUB,1997,UNKNOWN,0
UN180,,CUB,1997,FEMALE,0
UN183,,ADULT,1998,MALE,0
UN184,,ADULT,1998,MALE,0
UN185,,ADULT,1998,MALE,0
UN187,,ADULT,1998,MALE,0
UN192,,CUB,1998,FEMALE,0
UN193,,ADULT,1998,MALE,0
UN194,,ADULT,1998,MALE,0
UN195,,,0,FEMALE,0
UN196,,CUB,1998,MALE,0
UN198,,ADULT,1998,FEMALE,0
UN199,,,0,MALE,0
UN200,,,0,FEMALE,0
UN201,,,0,MALE,0
UN202,,,0,MALE,0
UN203,,,0,MALE,0
UN204,,,0,MALE,0
UN205,,,0,FEMALE,0
UN206,,,0,FEMALE,0
UN207,,ADULT,1999,FEMALE,0
UN208,,,0,,0
UN209,,,0,MALE,0
UN210,,,0,FEMALE,0
UN211,,,0,FEMALE,0
UN212,,,0,MALE,0
UN213,,,0,FEMALE,0
UN214,,,0,MALE,0
UN215,,,0,MALE,0
UN216,,,0,FEMALE,0
UN217,,CUB,0,MALE,0
UN218,,ADULT,0,MALE,0
UN219,,ADULT,0,FEMALE,0
UN220,,ADULT,0,MALE,0
UN221,,,0,FEMALE,0
UN222,,,0,FEMALE,0
UN223,,,0,FEMALE,0
UN224,,,0,FEMALE,0
UN226,,,0,,0
UN227,,,0,FEMALE,0
UN228,,,0,FEMALE,0
UN229,,,0,MALE,0
UN231,,,0,MALE,0
UN232,,,0,FEMALE,0
UN233,,,0,MALE,0
UN234,,,0,MALE,0
UN235,,,0,,0
UN236,,,0,MALE,0
UN238,,,0,FEMALE,0
UN240,,,0,MALE,0
UN241,,,0,FEMALE,0
UN242,,,0,FEMALE,0
UN243,,,0,FEMALE,0
UN244,,,0,MALE,0
UN245,,,0,,0
UN246,,,0,FEMALE,0
UN247,,,0,FEMALE,0
UN248,,,0,FEMALE,0
UN249,,,0,MALE,0
UN250,,,0,MALE,0
UN251,,,0,FEMALE,0
UN252,,,0,FEMALE,0
UN253,,,0,MALE,0
UN257,,ADULT,0,MALE,0
UN258,,,0,FEMALE,0
UN260,,,0,MALE,0
UN261,,,0,MALE,0
UN264,,,0,FEMALE,0
UN265,,,0,FEMALE,0
UN266,,,0,MALE,0
UN268,,,0,MALE,0
UN269,,,0,MALE,0
UN270,,,0,FEMALE,0
UN275,,,0,MALE,0
UN276,,,0,FEMALE,0
UN277,,,0,MALE,0
UN281,,,0,FEMALE,0
UN282,,,0,MALE,0
UN283,,,0,FEMALE,0
UN287,,,0,MALE,0
UN288,,,0,FEMALE,0
UN289,,,0,FEMALE,0
UN291,,CUB,0,FEMALE,0
UN292,,,0,FEMALE,0
UN294,,,0,FEMALE,0
UN295,,ADULT,0,FEMALE,0
UN304,,,0,MALE,0
UN307,,,0,MALE,0
UN309,,,0,,0
UN311,,YEARLING,0,FEMALE,0
UN312,,,0,FEMALE,0
UN313,,CUB,0,FEMALE,0
UN315,,,0,MALE,0
UN316,,ADULT,0,MALE,0
UN317,,ADULT,0,MALE,0
UN318,,,0,,0
UN319,,CUB,0,,0
UN321,,,0,,0
UN333,,ADULT,0,MALE,0
UN334,,ADULT,0,FEMALE,0
UN335,,CUB,0,MALE,0
UN336,,CUB,0,MALE,0
UN337,,,0,,0
UN338,,CUB,0,FEMALE,0
UN339,,YEARLING,0,FEMALE,0
UN340,,ADULT,0,MALE,0
UN341,,ADULT,0,FEMALE,0
UN342,,ADULT,0,MALE,0
UN344,,ADULT,0,FEMALE,0
UN345,,ADULT,0,FEMALE,0
UN348,,ADULT,0,MALE,0
UN350,,ADULT,0,MALE,0
UN351,,ADULT,0,MALE,0
UN352,,ADULT,0,MALE,0
UN353,,ADULT,0,FEMALE,0
UN354,,ADULT,0,MALE,0
UN355,,ADULT,0,FEMALE,0
UN356,,ADULT,0,MALE,0
UN360,,ADULT,0,FEMALE,0
UN361,,ADULT,0,MALE,0
UN362,,,0,FEMALE,0
UN363,,ADULT,0,MALE,0
UN364,,ADULT,0,MALE,0
UN368,,CUB,0,FEMALE,0
UN371,,ADULT,0,MALE,0
UN372,,CUB,0,MALE,0
UN373,,CUB,0,FEMALE,0
UN374,,ADULT,0,FEMALE,0
UN375,,CUB,0,FEMALE,0
UN376,,,0,FEMALE,0
UN378,,,0,FEMALE,0
UN380,,YEARLING,0,MALE,0
UN381,,ADULT,0,FEMALE,0
UN382,,CUB,0,,0
UN383,,ADULT,,,0
UN384,,CUB,0,MALE,0
UN385,,CUB,0,MALE,0
UN389,,ADULT,0,FEMALE,0
UN390,,ADULT,0,FEMALE,0
UN401,,ADULT,0,FEMALE,0
UN402,,ADULT,0,MALE,0
UN403,,ADULT,0,MALE,0
UN404,,ADULT,0,MALE,0
UN407,,ADULT,0,FEMALE,0
UN408,,ADULT,0,MALE,0
UN409,,ADULT,0,MALE,0
UN410,,CUB,0,FEMALE,0
UN420,,ADULT,0,FEMALE,0
UN424,,ADULT,0,MALE,0
UN427,,ADULT,0,MALE,0
UN430,,ADULT,0,FEMALE,0
UN431,,ADULT,0,MALE,0
UN432,,ADULT,0,MALE,0
UN434,,ADULT,0,MALE,0
UN440,,ADULT,0,FEMALE,0
UN445,,CUB,0,FEMALE,0
UN446,,CUB,0,MALE,0
UN447,,ADULT,0,FEMALE,0
UN448,,ADULT,0,FEMALE,0
UN452,,CUB,0,MALE,0
UN455,,ADULT,2007,,0
UN460,,ADULT,0,FEMALE,0
UN461,,,0,,0
UN462,,ADULT,0,FEMALE,0
UN465,,ADULT,0,FEMALE,0
UN467,,CUB,0,FEMALE,0
UN468,,ADULT,0,FEMALE,0
UN469,,ADULT,0,FEMALE,0
UN470,,ADULT,0,FEMALE,0
UN471,,ADULT,0,FEMALE,0
UN472,,ADULT,0,MALE,0
UN473,,ADULT,0,FEMALE,0
UN474,,ADULT,0,FEMALE,0
UN475,,ADULT,0,MALE,0
UN476,,ADULT,0,MALE,0
UN480,,ADULT,0,MALE,0
UN481,,ADULT,0,MALE,0
UN482,,ADULT,0,FEMALE,0
UN483,,ADULT,0,FEMALE,0
UN484,,ADULT,0,MALE,0
UN485,,ADULT,0,MALE,0
UN486,,ADULT,0,MALE,0
UN487,,ADULT,0,MALE,0
UN488,,ADULT,0,MALE,0
UN489,,ADULT,0,MALE,0
UN490,,ADULT,0,FEMALE,0
UN491,,ADULT,0,FEMALE,0
UN492,,CUB,0,MALE,0
UN493,,ADULT,0,MALE,0
UN494,,ADULT,0,FEMALE,0
UN495,,CUB,0,MALE,0
UN496,,ADULT,0,MALE,0
UN497,,ADULT,0,MALE,0
UN499,,ADULT,0,FEMALE,0
UN500,,CUB,0,MALE,0
UN501,,CUB,0,FEMALE,0
UN502,,ADULT,0,MALE,0
UN503,,ADULT,0,MALE,0
UN504,,ADULT,0,FEMALE,0
UN505,,ADULT,0,FEMALE,0
UN506,,ADULT,0,FEMALE,0
UN507,,ADULT,0,MALE,0
UN508,,ADULT,0,FEMALE,0
UN509,,ADULT,0,FEMALE,0
UN510,,ADULT,0,MALE,0
UN511,,ADULT,0,FEMALE,0
UN512,,ADULT,0,MALE,0
UN513,,ADULT,0,MALE,0
UN514,,ADULT,,FEMALE,0
UN515,,ADULT,0,MALE,0
UN516,,ADULT,,MALE,0
UN517,,ADULT,0,MALE,0
UN518,,ADULT,0,FEMALE,0
UN519,,ADULT,0,FEMALE,0
UN520,,ADULT,0,FEMALE,0
UN521,,ADULT,0,FEMALE,0
UN522,,ADULT,0,MALE,0
UN523,,ADULT,0,MALE,0
UN524,,ADULT,0,FEMALE,0
UN525,,ADULT,0,MALE,0
UN526,,ADULT,0,MALE,0
UN527,,ADULT,0,FEMALE,0
UN528,,ADULT,0,MALE,0
UN529,,ADULT,0,FEMALE,0
UN530,,ADULT,0,MALE,0
UN531,,ADULT,0,FEMALE,0
UN532,,CUB,0,FEMALE,0
UN533,,ADULT,0,FEMALE,0
UN535,,ADULT,0,FEMALE,0
UN536,,ADULT,0,FEMALE,0
UN537,,ADULT,0,FEMALE,0
UN538,,ADULT,0,FEMALE,0
UN539,,ADULT,0,FEMALE,0
UN540,,ADULT,0,MALE,0
UN541,,ADULT,0,FEMALE,0
UN542,,ADULT,0,FEMALE,0
UN543,,ADULT,0,MALE,0
UN544,,ADULT,0,FEMALE,0
UN545,,ADULT,0,MALE,0
UN546,,ADULT,0,FEMALE,0
UN547,,ADULT,0,FEMALE,0
UN548,,ADULT,0,FEMALE,0
UN549,,ADULT,0,FEMALE,0
UN550,,CUB,0,FEMALE,0
UN551,,CUB,0,FEMALE,0
UN552,,ADULT,0,FEMALE,0
UN554,,ADULT,,FEMALE,0
UN555,,ADULT,0,MALE,0
UN556,,ADULT,0,FEMALE,0
UN557,,ADULT,,FEMALE,0
UN558,,ADULT,0,MALE,0
UN559,,CUB,0,MALE,0
UN560,,ADULT,0,MALE,0
UN561,,ADULT,0,MALE,0
UN562,,ADULT,0,FEMALE,0
UN563,,ADULT,0,MALE,0
UN564,,ADULT,0,MALE,0
UN565,,ADULT,,MALE,0
UN566,,ADULT,2014,MALE,0
UN567,,ADULT,2014,MALE,0
UN568,,CUB,0,FEMALE,0
UN569,,,2014,FEMALE,0
UN570,,,2014,MALE,0
UN571,,ADULT,,FEMALE,0
UN572,,CUB,2014,MALE,0
UN573,,ADULT,2015,MALE,0
UN574,,CUB,2014,FEMALE,0
UN575,,,0,,0
UN576,,ADULT,2015,MALE,0
UN577,,ADULT,2015,MALE,0
UN578,,ADULT,2015,FEMALE,0
UN579,,ADULT,2015,FEMALE,0
UN582,,ADULT,0,FEMALE,0
UN583,,,,FEMALE,0
UN584,,ADULT,,FEMALE,0
UN585,,ADULT,0,FEMALE,0
UN586,,CUB,2016,FEMALE,0
UN587,,ADULT,0,MALE,0
UN588,,ADULT,2017,FEMALE,0
UN589,,ADULT,2017,FEMALE,0
UN591,,ADULT,2017,FEMALE,0
UN592,,ADULT,2017,MALE,0
UN593,,ADULT,2017,FEMALE,0
UN594,,ADULT,2017,FEMALE,0
UN595,,,2018,FEMALE,0
UN597,,ADULT,2018,MALE,0
UN598,,ADULT,2018,FEMALE,0
UN599,UN599,ADULT,2018,FEMALE,0
UN600,,,0,FEMALE,0
UN601,,,0,FEMALE,0
UN602,,,0,MALE,0
UN603,,,0,MALE,0
UN604,,,0,MALE,0
UN605,,,0,FEMALE,0
UN606,,,0,MALE,0
UN607,,,0,MALE,0
UN608,,,0,FEMALE,0
UN609,,,0,FEMALE,0
UN610,,,0,,0
UN611,,CUB,0,MALE,0
UN612,,,0,MALE,0
UN613,,ADULT,2019,MALE,0
UN614,,ADULT,2019,FEMALE,0
UN616,,,0,FEMALE,0
UN617,,,0,MALE,0
V001,,YEARLING,1990,MALE,4
V002,,YEARLING,1990,MALE,4
V003,,YEARLING,1990,FEMALE,12
V004,,ADULT,1990,MALE,0
V005,,ADULT,1990,FEMALE,0
V006,,CUB,1990,MALE,0
V007,,CUB,1990,MALE,9
V008,,CUB,1990,MALE,2
V009,,CUB,1990,FEMALE,5
V010,,CUB,1990,FEMALE,12
V011,,CUB,1990,FEMALE,3
V012,,CUB,1990,MALE,5
V013,,CUB,1990,FEMALE,15
V014,,CUB,1990,MALE,0
V015,,CUB,1990,MALE,0
V016,,CUB,1990,MALE,7
V017,,CUB,1990,MALE,0
V018,,CUB,1990,MALE,2
V019,,CUB,1990,MALE,10
V020,,ADULT,1990,FEMALE,5
V021,,CUB,1990,FEMALE,11
V022,,CUB,1990,FEMALE,1
V023,,CUB,1990,FEMALE,2
V024,,CUB,1990,MALE,0
V025,,CUB,1990,FEMALE,0
V026,,CUB,1990,FEMALE,5
V027,,CUB,1990,FEMALE,9
V028,,CUB,1990,MALE,0
V029,,CUB,1990,FEMALE,0
V030,,CUB,1990,FEMALE,0
V031,,CUB,1990,MALE,2
V032,,ADULT,1990,FEMALE,2
V033,,ADULT,1990,FEMALE,13
V034,,CUB,1990,MALE,4
V035,,CUB,1990,FEMALE,25
V036,,CUB,1990,MALE,12
V037,,CUB,1990,FEMALE,8
V038,012848275,CUB,1990,FEMALE,12
V039,,CUB,1990,FEMALE,11
V040,,CUB,1990,MALE,14
V041,014042057,CUB,1990,MALE,11
V042,,CUB,1990,MALE,13
V043,,CUB,1990,FEMALE,13
V044,,CUB,1990,FEMALE,16
V045,,CUB,1990,FEMALE,9
V046,,CUB,1990,MALE,3
V047,,CUB,1990,FEMALE,2
V048,,ADULT,1990,FEMALE,2
V049,,CUB,1990,MALE,0
V050,,CUB,1990,FEMALE,0
V051,,CUB,1990,MALE,12
V052,,CUB,1990,FEMALE,4
V053,,CUB,1990,MALE,6
V054,,CUB,1990,FEMALE,11
V055,,CUB,1990,MALE,12
V056,,CUB,1990,FEMALE,8
V057,,CUB,1990,FEMALE,0
V058,,CUB,1990,FEMALE,13
V059,,CUB,1990,MALE,0
V060,,CUB,1990,FEMALE,2
V061,,CUB,1990,FEMALE,0
V062,,CUB,1990,MALE,4
V063,,CUB,1990,FEMALE,2
V064,,CUB,1990,MALE,22
V065,,CUB,1990,FEMALE,0
V066,,CUB,1990,MALE,0
V067,,CUB,1990,MALE,12
V068,,CUB,1990,MALE,24
V069,,CUB,1990,MALE,21
V070,,CUB,1990,FEMALE,0
V071,,CUB,1990,MALE,6
V072,,CUB,1990,MALE,4
V073,,CUB,1990,MALE,15
V074,,CUB,1990,MALE,16
V075,,CUB,1990,FEMALE,32
V076,,CUB,1990,FEMALE,20
V077,,CUB,1990,FEMALE,23
V078,,CUB,1990,MALE,12
V079,,CUB,1990,FEMALE,5
V080,,CUB,1990,MALE,22
V081,012538053,CUB,1990,MALE,23
V082,,CUB,1990,FEMALE,5
V083,,CUB,1990,FEMALE,4
V084,,CUB,1990,MALE,8
V085,,CUB,1990,FEMALE,19
V086,,CUB,1990,FEMALE,4
V087,,CUB,1990,MALE,7
V088,,CUB,1990,FEMALE,18
V089,012057036,CUB,1990,FEMALE,25
V090,,CUB,1990,FEMALE,32
V091,,CUB,1990,FEMALE,9
V092,,CUB,1990,FEMALE,10
V093,,CUB,1990,MALE,8
V094,,CUB,1990,MALE,1
V095,,CUB,1990,MALE,21
V096,,CUB,1990,FEMALE,5
V097,,CUB,1990,FEMALE,5
V098,,CUB,1990,MALE,11
V099,,CUB,1990,FEMALE,49
W001,,ADULT,1976,MALE,0
W004,,ADULT,1978,FEMALE,9
W005,,CUB,1979,FEMALE,0
W006,,CUB,1979,MALE,0
W007,,CUB,1979,FEMALE,0
W008,,CUB,1979,FEMALE,0
W009,,CUB,1979,MALE,15
W010,,CUB,1979,FEMALE,13
W011,,CUB,1979,MALE,36
W012,,CUB,1979,MALE,0
W013,,CUB,1979,FEMALE,0
W014,,CUB,1979,MALE,14
W015,,CUB,1979,FEMALE,35
W016,,CUB,1979,MALE,23
W017,,ADULT,1979,FEMALE,28
W018,,CUB,1979,MALE,1
W019,,CUB,1979,MALE,0
W020,,CUB,1979,FEMALE,0
W021,,CUB,1979,FEMALE,39
W022,,CUB,1979,MALE,0
W023,,CUB,1979,MALE,9
W024,,ADULT,1979,FEMALE,31
W025,,CUB,1979,FEMALE,19
W026,,CUB,1979,FEMALE,13
W027,,CUB,1979,FEMALE,15
W028,,ADULT,1979,FEMALE,0
W029,,CUB,1979,MALE,0
W030,,CUB,1979,FEMALE,15
W031,,CUB,1979,MALE,0
W032,,CUB,1979,FEMALE,39
W033,,CUB,1979,MALE,12
W034,,CUB,1979,MALE,10
W035,,CUB,1979,MALE,23
W036,,CUB,1979,FEMALE,58
W037,,ADULT,1979,FEMALE,0
W038,,CUB,1979,MALE,27
W039,,CUB,1979,MALE,13
W040,,YEARLING,1979,MALE,27
W041,,CUB,1979,FEMALE,0
W042,,ADULT,1979,FEMALE,13
W043,,CUB,1979,FEMALE,0
W044,,CUB,1979,FEMALE,0
W045,,CUB,1979,FEMALE,0
W046,,CUB,1979,MALE,0
W047,,CUB,1979,FEMALE,38
W048,,CUB,1979,FEMALE,12
W049,,CUB,1979,FEMALE,55
W050,,ADULT,1979,MALE,47
W052,,CUB,1979,FEMALE,0
W053,,CUB,1979,MALE,0
W054,,CUB,1979,FEMALE,25
W055,,CUB,1979,FEMALE,0
W056,,CUB,1979,MALE,12
W057,,CUB,1979,FEMALE,0
W058,,CUB,1979,MALE,34
W059,,ADULT,1979,FEMALE,0
W060,,ADULT,1979,FEMALE,22
W061,,CUB,1979,MALE,0
W062,,CUB,1979,MALE,0
W063,,ADULT,1979,FEMALE,31
W064,,CUB,1979,FEMALE,32
W065,,CUB,1979,FEMALE,38
W066,,ADULT,1979,FEMALE,0
W067,,ADULT,1979,MALE,21
W068,,CUB,1979,MALE,11
W069,,ADULT,1979,FEMALE,6
X001,,ADULT,2000,MALE,7
X002,,ADULT,2000,FEMALE,5
X003,,CUB,2000,FEMALE,10
X004,,CUB,2000,FEMALE,20
X005,,CUB,2000,FEMALE,31
X006,,CUB,2000,FEMALE,32
X007,,CUB,2000,FEMALE,16
X008,,CUB,2000,MALE,25
X009,,CUB,2000,MALE,8
X010,,CUB,2000,FEMALE,13
X011,,CUB,2000,FEMALE,12
X012,,CUB,2000,FEMALE,31
X013,,CUB,2000,MALE,2
X014,,CUB,2000,FEMALE,6
X015,,CUB,2000,FEMALE,8
X016,,CUB,2000,MALE,10
X017,,CUB,2000,FEMALE,9
X018,,CUB,2000,FEMALE,3
X019,,CUB,2000,MALE,5
X020,,CUB,2000,MALE,0
X021,,CUB,2000,FEMALE,3
X022,,CUB,2000,FEMALE,1
X023,,CUB,2000,FEMALE,1
X024,,CUB,2000,FEMALE,10
X025,,CUB,2000,MALE,2
X026,,CUB,2000,MALE,2
X027,,CUB,2000,MALE,1
X028,,CUB,2000,FEMALE,2
X029,,CUB,2000,FEMALE,0
X030,,CUB,2000,MALE,13
X031,,CUB,2000,MALE,2
X032,,CUB,2000,MALE,0
X033,,CUB,2000,MALE,2
X034,,CUB,2000,MALE,5
X035,,CUB,2000,FEMALE,10
X036,,CUB,2000,FEMALE,10
X037,,CUB,2000,FEMALE,10
X038,,CUB,2000,MALE,5
X039,,ADULT,2000,MALE,12
X040,,CUB,2000,MALE,2
X041,,CUB,2000,MALE,24
X042,,CUB,2000,FEMALE,8
X043,,CUB,2000,MALE,2
X044,,CUB,2000,FEMALE,10
X045,,CUB,2000,MALE,5
X046,,CUB,2000,FEMALE,0
X047,,CUB,2000,FEMALE,2
X048,,CUB,2000,MALE,3
X049,,CUB,2000,MALE,8
X050,,ADULT,2000,FEMALE,0
X051,,CUB,2000,FEMALE,12
X052,,CUB,2000,FEMALE,0
X053,,CUB,2000,FEMALE,0
X054,,CUB,2000,FEMALE,9
X055,,CUB,2000,MALE,9
X056,,CUB,2000,MALE,0
X057,,CUB,2000,MALE,6
X058,,CUB,2000,FEMALE,1
X059,,CUB,2000,FEMALE,10
X060,,ADULT,2000,MALE,11
X061,,CUB,2000,MALE,0
X062,,CUB,2000,FEMALE,0
X063,,CUB,2000,FEMALE,6
X064,,CUB,2000,MALE,9
X065,,CUB,2000,FEMALE,13
X066,,CUB,2000,MALE,18
X067,,CUB,2000,FEMALE,6
X068,,CUB,2000,FEMALE,21
X069,,CUB,2000,MALE,4
X070,,CUB,2000,MALE,59
X071,,CUB,2000,FEMALE,3
X072,,CUB,2000,FEMALE,5
X073,,CUB,2000,MALE,7
X074,,CUB,2000,FEMALE,0
X075,,CUB,2000,MALE,9
X076,,CUB,2000,FEMALE,22
X077,,CUB,2000,FEMALE,12
X078,,CUB,2000,FEMALE,62
X079,,CUB,2000,MALE,1
X080,,CUB,2000,FEMALE,33
X081,,CUB,2000,FEMALE,1
X082,,CUB,2000,FEMALE,13
X083,,CUB,2000,MALE,9
X084,,CUB,2000,FEMALE,36
X085,,CUB,2000,FEMALE,21
X086,,CUB,2000,FEMALE,83
X087,,CUB,2000,FEMALE,0
X088,,CUB,2000,MALE,14
X089,,CUB,2000,FEMALE,4
X090,,ADULT,2000,FEMALE,0
X091,,CUB,2000,MALE,0
X092,,CUB,2000,FEMALE,10
Y001,,CUB,1981,MALE,24
Y002,,CUB,1981,FEMALE,3
Y003,,CUB,1981,FEMALE,1
Y004,,YEARLING,1981,FEMALE,61
Y005,,YEARLING,1981,MALE,12
Y006,,CUB,1981,MALE,6
Y007,,YEARLING,1981,MALE,7
Y008,,ADULT,1981,MALE,103
Y009,,CUB,1981,FEMALE,0
Y010,,CUB,1981,FEMALE,63
Y011,,ADULT,1981,FEMALE,13
Y012,,ADULT,1981,FEMALE,12
Y013,,CUB,1981,MALE,0
Y014,,CUB,1981,MALE,0
Y015,,CUB,1981,FEMALE,23
Y016,,CUB,1981,FEMALE,15
Y017,,CUB,1981,FEMALE,18
Y018,,CUB,1981,FEMALE,39
Y019,,CUB,1981,FEMALE,15
Y020,,CUB,1981,FEMALE,0
Y021,,CUB,1981,FEMALE,5
Y022,,CUB,1981,MALE,0
Y023,,CUB,1981,FEMALE,23
Y024,,CUB,1981,FEMALE,7
Y025,,CUB,1981,FEMALE,7
Y026,,YEARLING,1981,FEMALE,26
Y027,,CUB,1981,MALE,0
Y028,,ADULT,1981,FEMALE,0
Y029,,CUB,1981,FEMALE,13
Y030,,CUB,1981,MALE,0
Y031,,ADULT,1981,MALE,1
Y032,,YEARLING,1981,MALE,27
Y033,,CUB,1981,FEMALE,23
Y034,,CUB,1981,FEMALE,0
Y035,,CUB,1981,MALE,14
Y036,,CUB,1981,MALE,13
Y037,,CUB,1981,MALE,10
Y038,,CUB,1981,MALE,36
Y039,,CUB,1981,FEMALE,24
Y040,,ADULT,1981,MALE,0
Y041,,CUB,1981,MALE,6
Y043,,YEARLING,1981,FEMALE,33
Y044,,ADULT,1981,MALE,0
Y045,,ADULT,1981,MALE,4
Y046,,ADULT,1981,FEMALE,9
Y047,,CUB,1981,MALE,27
Y048,,YEARLING,1981,MALE,0
Y049,,CUB,1981,MALE,28
Y050,,CUB,1981,FEMALE,24
Z001,,ADULT,1994,MALE,0
Z002,,YEARLING,1994,FEMALE,0
Z003,,ADULT,1994,MALE,15
Z004,,ADULT,1994,MALE,5
Z005,,CUB,1994,MALE,3
Z006,,CUB,1994,MALE,3
Z007,,CUB,1994,MALE,0
Z008,,CUB,1994,FEMALE,0
Z009,,CUB,1994,MALE,3
Z010,,CUB,1994,FEMALE,3
Z011,,CUB,1994,FEMALE,3
Z012,,CUB,1994,FEMALE,0
Z013,,CUB,1994,FEMALE,0
Z014,,CUB,1994,FEMALE,5
Z015,013346282,CUB,1994,FEMALE,12
Z016,014276043,CUB,1994,MALE,9
Z017,,CUB,1994,MALE,0
Z018,,CUB,1994,FEMALE,4
Z019,,CUB,1994,FEMALE,5
Z020,,CUB,1994,MALE,5
Z021,,CUB,1994,MALE,57
Z022,,CUB,1994,MALE,0
Z023,,CUB,1994,FEMALE,5
Z024,,CUB,1994,FEMALE,0
Z025,,CUB,1994,MALE,0
Z026,,CUB,1994,MALE,9
Z027,,CUB,1994,FEMALE,12
Z028,013852887,CUB,1994,MALE,20
Z029,,CUB,1994,FEMALE,0
Z030,,CUB,1994,MALE,0
Z031,,CUB,1994,FEMALE,0
Z032,,CUB,1994,MALE,2
Z033,,CUB,1994,MALE,0
Z034,,CUB,1994,FEMALE,2
Z035,,CUB,1994,FEMALE,0
Z036,,CUB,1994,FEMALE,5
Z037,,CUB,1994,FEMALE,0
Z038,,CUB,1994,MALE,0
Z039,,CUB,1994,FEMALE,1
Z040,,CUB,1994,FEMALE,0
Z041,,CUB,1994,MALE,0
Z042,,CUB,1994,MALE,0
Z043,,CUB,1994,FEMALE,0
Z044,,CUB,1994,FEMALE,26
Z045,,CUB,1994,MALE,46
Z046,,CUB,1994,MALE,0
Z047,,CUB,1994,FEMALE,3
Z048,,CUB,1994,FEMALE,25
Z049,,CUB,1994,MALE,0
Z050,,CUB,1994,MALE,5
Z051,,CUB,1994,FEMALE,0
Z052,,CUB,1994,FEMALE,0
Z053,012067367,CUB,1994,MALE,14
Z054,,CUB,1994,MALE,0
Z055,,CUB,1994,FEMALE,0
Z056,014879524,ADULT,1994,FEMALE,33
Z057,014548040,CUB,1994,FEMALE,23
Z058,,CUB,1994,FEMALE,0
Z059,,CUB,1994,MALE,0
Z060,011827358,CUB,1994,FEMALE,12
Z061,011774303,CUB,1994,MALE,12
Z062,,CUB,1994,MALE,20
Z063,,CUB,1994,MALE,5
Z064,,CUB,1994,MALE,8
Z065,,CUB,1994,FEMALE,9
Z066,,CUB,1994,FEMALE,21
Z067,,CUB,1994,MALE,2
Z068,,CUB,1994,FEMALE,2
Z069,,CUB,1994,FEMALE,0
Z070,,CUB,1994,FEMALE,0
Z071,,CUB,1994,FEMALE,20
Z072,,CUB,1994,MALE,10
Z073,,CUB,1994,MALE,10
Z074,,CUB,1994,FEMALE,10
Z075,,CUB,1994,FEMALE,13
Z076,,CUB,1994,MALE,12
Z077,,CUB,1994,MALE,0
Z078,,CUB,1994,MALE,12
Z079,,CUB,1994,FEMALE,12
Z080,,ADULT,1994,MALE,0
Z081,,CUB,1994,FEMALE,3
Z082,,CUB,1994,MALE,0
Z083,,ADULT,1994,FEMALE,81
Z084,,CUB,1994,FEMALE,0
Z085,011839028,CUB,1994,FEMALE,49
Z086,,CUB,1994,MALE,8
Z087,,CUB,1994,FEMALE,20
Z088,,CUB,1994,MALE,23
Z089,012875872,CUB,1994,FEMALE,24
Z090,013599351,CUB,1994,FEMALE,14
Z091,,CUB,1994,MALE,3
Z092,011838033,CUB,1994,MALE,20
Z093,010804085,CUB,1994,FEMALE,10
Z094,11829558,CUB,1994,FEMALE,10
Z095,,ADULT,1994,MALE,0
Z096,,CUB,1994,MALE,0
Z097,,CUB,1994,FEMALE,0
